epoch,train_loss,val_loss,train_earpiece_stress_mae,train_earpiece_stress_rmse,train_earpiece_stress_log_mae,train_earpiece_stress_log_rmse,train_earpiece_stress_bias,train_earpiece_stress_relative_mae,train_earpiece_stress_symmetric_relative_mae,train_earpiece_stress_within25_ratio,train_earpiece_stress_miss25_rate,train_earpiece_stress_under_pred_ratio,train_earpiece_stress_over_pred_ratio,train_earpiece_stress_target_mean,train_earpiece_stress_pred_mean,train_points,train_relative_points,train_weighted_loss,val_earpiece_stress_mae,val_earpiece_stress_rmse,val_earpiece_stress_log_mae,val_earpiece_stress_log_rmse,val_earpiece_stress_bias,val_earpiece_stress_relative_mae,val_earpiece_stress_symmetric_relative_mae,val_earpiece_stress_within25_ratio,val_earpiece_stress_miss25_rate,val_earpiece_stress_under_pred_ratio,val_earpiece_stress_over_pred_ratio,val_earpiece_stress_target_mean,val_earpiece_stress_pred_mean,val_points,val_relative_points,val_earpiece_stress_top1_mae,val_earpiece_stress_top1_log_mae,val_earpiece_stress_top5_mae,val_earpiece_stress_top5_log_mae,val_earpiece_stress_peak_relative_error,val_top1_points,val_top5_points,val_samples,val_earpiece_stress_top1_points,val_earpiece_stress_top1_relative_points,val_earpiece_stress_top1_relative_mae,val_earpiece_stress_top1_within25_ratio,val_earpiece_stress_top1_miss25_rate,val_earpiece_stress_top1_under_pred_ratio,val_earpiece_stress_top1_over_pred_ratio,val_earpiece_stress_top1_target_mean,val_earpiece_stress_top1_pred_mean,val_earpiece_stress_top1_pred_target_ratio,val_earpiece_stress_top1_5_points,val_earpiece_stress_top1_5_relative_points,val_earpiece_stress_top1_5_mae,val_earpiece_stress_top1_5_log_mae,val_earpiece_stress_top1_5_relative_mae,val_earpiece_stress_top1_5_within25_ratio,val_earpiece_stress_top1_5_miss25_rate,val_earpiece_stress_top1_5_under_pred_ratio,val_earpiece_stress_top1_5_over_pred_ratio,val_earpiece_stress_top1_5_target_mean,val_earpiece_stress_top1_5_pred_mean,val_earpiece_stress_top1_5_pred_target_ratio,val_earpiece_stress_top5_points,val_earpiece_stress_top5_relative_points,val_earpiece_stress_top5_relative_mae,val_earpiece_stress_top5_within25_ratio,val_earpiece_stress_top5_miss25_rate,val_earpiece_stress_top5_under_pred_ratio,val_earpiece_stress_top5_over_pred_ratio,val_earpiece_stress_top5_target_mean,val_earpiece_stress_top5_pred_mean,val_earpiece_stress_top5_pred_target_ratio,val_earpiece_stress_top5_10_points,val_earpiece_stress_top5_10_relative_points,val_earpiece_stress_top5_10_mae,val_earpiece_stress_top5_10_log_mae,val_earpiece_stress_top5_10_relative_mae,val_earpiece_stress_top5_10_within25_ratio,val_earpiece_stress_top5_10_miss25_rate,val_earpiece_stress_top5_10_under_pred_ratio,val_earpiece_stress_top5_10_over_pred_ratio,val_earpiece_stress_top5_10_target_mean,val_earpiece_stress_top5_10_pred_mean,val_earpiece_stress_top5_10_pred_target_ratio,val_earpiece_stress_top10_points,val_earpiece_stress_top10_relative_points,val_earpiece_stress_top10_mae,val_earpiece_stress_top10_log_mae,val_earpiece_stress_top10_relative_mae,val_earpiece_stress_top10_within25_ratio,val_earpiece_stress_top10_miss25_rate,val_earpiece_stress_top10_under_pred_ratio,val_earpiece_stress_top10_over_pred_ratio,val_earpiece_stress_top10_target_mean,val_earpiece_stress_top10_pred_mean,val_earpiece_stress_top10_pred_target_ratio,val_weighted_loss,selection_metric,selection_score
1,0.00921312,0.00626839,771712.93512811,34168393.18366573,0.38181015,0.53601869,-7784.21814197,0.77969324,0.39106103,0.43906993,0.56093007,0.50766444,0.49058377,1921433.85967565,1913649.64782394,259475679.0,257441061.0,0.00872493,461042.12755765,20836428.8133114,0.28923848,0.44247179,-39204.32233538,0.59602426,0.29847004,0.58536012,0.41463988,0.53039911,0.46848889,2177059.09901951,2137854.77362417,30917997.0,30696010.0,12338900.7602126,0.1273439,4629296.45796326,0.17108819,0.15307055,314192.0,1550765.0,10113.0,304164.0,304164.0,0.12357397,0.89330756,0.10669244,0.58308676,0.41691324,63213464.55476283,54618277.81569424,0.86402918,1236979.0,1236979.0,2733561.66553773,0.18184458,0.19096835,0.74828595,0.25171405,0.47094817,0.52905102,15311559.05092487,15333304.17865952,1.00142018,1541143.0,1541143.0,0.17766722,0.77690779,0.22309221,0.49308014,0.50691922,24765604.21015365,23086689.17830374,0.93220779,1546072.0,1546072.0,1324419.00324725,0.22182027,0.23149073,0.68081758,0.31918242,0.53637217,0.46362783,5560724.90319918,5649858.70938217,1.01602917,3087215.0,3087215.0,2974219.46291571,0.19649473,0.20462194,0.72878598,0.27121402,0.51476071,0.48523896,15147833.30188224,14354354.19840457,0.94761765,0.00626839,composite_within25_low_falsepeak,0.61680736
2,0.00918579,0.00625974,773053.4228777,34731547.06792666,0.38122278,0.5352202,-7515.31963699,0.77257362,0.39053209,0.43960067,0.56039933,0.50774186,0.49051389,1921433.85721322,1913918.54464553,259475679.0,257441061.0,0.00870236,460229.11607111,19743946.40196815,0.28894608,0.44216988,4974.60784643,0.59588622,0.29820997,0.58578718,0.41421282,0.53058906,0.46827665,2177059.09901951,2182033.71181898,30917997.0,30696010.0,11763792.11210995,0.12770557,4573975.67939482,0.17121453,0.15053467,314192.0,1550765.0,10113.0,304164.0,304164.0,0.12437724,0.89173604,0.10826396,0.57509764,0.42490236,63213464.55476283,56811364.76823606,0.89872253,1236979.0,1236979.0,2806052.94689447,0.18191306,0.19107753,0.74805959,0.25194041,0.47005972,0.52994028,15311559.05092487,15667331.23162224,1.02323553,1541143.0,1541143.0,0.17791339,0.77641595,0.22358405,0.49079028,0.50920972,24765604.21015365,23787625.17348665,0.96051059,1546072.0,1546072.0,1340035.18307287,0.22130171,0.23087933,0.68179878,0.31820122,0.53602031,0.46397969,5560724.90319918,5725575.15376822,1.02964546,3087215.0,3087215.0,2954423.82998776,0.1962981,0.20443864,0.72903183,0.27096817,0.5134414,0.4865586,15147833.30188224,14742181.19819821,0.97322045,0.00625974,composite_within25_low_falsepeak,0.61603333
3,0.0091694,0.0062469,774774.69745719,34750000.91601969,0.38085131,0.53474279,-9342.5527478,0.78921856,0.39021047,0.44001164,0.55998836,0.50770964,0.49054742,1921433.85865486,1912091.30250769,259475679.0,257441061.0,0.00868924,458076.53013351,19394796.40142848,0.28862683,0.44171456,7232.41849286,0.59475828,0.29790119,0.58617596,0.41382404,0.53010271,0.46876646,2177059.09901951,2184291.50636693,30917997.0,30696010.0,11566091.50444132,0.12759219,4545557.05160867,0.17126894,0.15228027,314192.0,1550765.0,10113.0,304164.0,304164.0,0.12422724,0.89193659,0.10806341,0.57782972,0.42217028,63213464.55476283,57058031.96252882,0.90262466,1236979.0,1236979.0,2819259.45253247,0.18200873,0.19125261,0.74800542,0.25199458,0.47180025,0.52819813,15311559.05092487,15710361.81594409,1.02604586,1541143.0,1541143.0,0.17802431,0.77641205,0.22358795,0.4927265,0.5072722,24765604.21015365,23870845.78905106,0.96387092,1546072.0,1546072.0,1336433.74966906,0.22093704,0.2304965,0.68252125,0.31747875,0.536215,0.46378435,5560724.90319918,5715225.83348669,1.02778431,3087215.0,3087215.0,2938433.58082237,0.19614264,0.20430229,0.7293917,0.2706083,0.51450547,0.48549356,15147833.30188224,14778542.29294396,0.97562087,0.0062469,composite_within25_low_falsepeak,0.61563829
4,0.00915484,0.00623953,771355.91797457,34964114.16251012,0.38056373,0.53431646,-9143.0657093,0.77911926,0.38995273,0.44025203,0.55974797,0.50773226,0.49052653,1921433.85604362,1912290.7886997,259475679.0,257441061.0,0.00867558,457438.36940035,19336436.10970991,0.28854396,0.44145196,-4853.10293477,0.59338495,0.29786929,0.58638488,0.41361512,0.53160345,0.46728819,2177059.09901951,2172205.98455582,30917997.0,30696010.0,11688180.23750122,0.1283396,4546729.110736,0.17106123,0.15470238,314192.0,1550765.0,10113.0,304164.0,304164.0,0.12470316,0.89122644,0.10877356,0.5844117,0.4155883,63213464.55476283,56824471.30971279,0.89892987,1236979.0,1236979.0,2790699.03500442,0.18156617,0.19015606,0.74983003,0.25016997,0.47615441,0.52384559,15311559.05092487,15580521.63739906,1.01756598,1541143.0,1541143.0,0.17723811,0.77773639,0.22226361,0.49752035,0.50247965,24765604.21015365,23720534.90960495,0.95780158,1546072.0,1546072.0,1334254.87405735,0.22075676,0.22961298,0.68323467,0.31676533,0.53928666,0.46071334,5560724.90319918,5679004.42101262,1.02127052,3087215.0,3087215.0,2937927.49150468,0.19594867,0.20346735,0.73041009,0.26958991,0.51843684,0.48156316,15147833.30188224,14685367.2908993,0.96946982,0.00623953,composite_within25_low_falsepeak,0.61569065
5,0.00914262,0.00623122,774596.05570188,35002517.8684242,0.38029941,0.53396251,-10000.4933993,0.76866094,0.38972121,0.44048186,0.55951814,0.50774351,0.4905145,1921433.85837429,1911433.36775315,259475679.0,257441061.0,0.00866576,455859.67158048,19384424.60623748,0.28817114,0.44116016,-4974.63956354,0.59378499,0.29749081,0.58686207,0.41313793,0.52882258,0.47007838,2177059.09901951,2172084.44919372,30917997.0,30696010.0,11588962.06086912,0.1274953,4528717.12178338,0.17131391,0.1496178,314192.0,1550765.0,10113.0,304164.0,304164.0,0.12447909,0.89118042,0.10881958,0.57026801,0.42973199,63213464.55476283,56771967.46234562,0.89809929,1236979.0,1236979.0,2792655.09740109,0.18208858,0.19138265,0.74766104,0.25233896,0.4697703,0.5302297,15311559.05092487,15588116.57540877,1.01806201,1541143.0,1541143.0,0.17817839,0.77598639,0.22401361,0.48960479,0.51039521,24765604.21015365,23716268.88758134,0.95762933,1546072.0,1546072.0,1326599.33092117,0.22062593,0.2301135,0.68296819,0.31703181,0.53574025,0.46425975,5560724.90319918,5685186.4926896,1.02238226,3087215.0,3087215.0,2925101.9874744,0.19600929,0.2041874,0.72940304,0.27059696,0.51270935,0.48729065,15147833.30188224,14686333.5842073,0.96953362,0.00623122,composite_within25_low_falsepeak,0.61445565
6,0.00913172,0.0062274,775655.25342046,34769298.22045553,0.38004196,0.53364276,-11006.68622592,0.76944838,0.3894933,0.44075494,0.55924506,0.50779481,0.49046677,1921433.85175547,1910427.17301775,259475679.0,257441061.0,0.00865739,459747.64202994,19728527.55810002,0.28811946,0.44102496,6405.13434808,0.59329903,0.29745299,0.58679131,0.41320869,0.52924467,0.46962612,2177059.09901951,2183464.20184367,30917997.0,30696010.0,11771962.3445916,0.12766008,4579855.44383666,0.17120203,0.15105681,314192.0,1550765.0,10113.0,304164.0,304164.0,0.12451473,0.89109165,0.10890835,0.57264502,0.42735498,63213464.55476283,56647583.30661532,0.8961316,1236979.0,1236979.0,2811369.49270257,0.18190867,0.19118349,0.74765618,0.25234382,0.46852695,0.53147305,15311559.05092487,15693163.75845511,1.02492266,1541143.0,1541143.0,0.17802557,0.77596498,0.22403502,0.48907597,0.51092403,24765604.21015365,23776034.80314734,0.96004259,1546072.0,1546072.0,1331034.45078619,0.22045572,0.22995374,0.68297725,0.31702275,0.53424485,0.46575515,5560724.90319918,5735197.63082173,1.0313759,3087215.0,3087215.0,2952851.42169017,0.19586819,0.20403111,0.72939688,0.27060312,0.51169646,0.48830354,15147833.30188224,14741214.31491409,0.97315662,0.0062274,composite_within25_low_falsepeak,0.61461451
7,0.0091222,0.00621764,776447.25576041,35009264.93263892,0.37982975,0.53336264,-10597.59738114,0.77277802,0.38929044,0.44094404,0.55905596,0.50776124,0.49049602,1921433.8580435,1910836.25671872,259475679.0,257441061.0,0.0086503,458936.89155136,20301990.92270676,0.28782716,0.44067862,-37432.5765452,0.5924065,0.29719374,0.58730926,0.41269074,0.52934396,0.46955953,2177059.09901951,2139626.52139984,30917997.0,30696010.0,12173910.74543811,0.12733642,4627322.42317324,0.17104833,0.15179826,314192.0,1550765.0,10113.0,304164.0,304164.0,0.12412001,0.89174261,0.10825739,0.57410476,0.42589524,63213464.55476283,55197532.58266828,0.87319265,1236979.0,1236979.0,2771672.06276412,0.18179676,0.19100825,0.74807333,0.25192667,0.46975818,0.53024182,15311559.05092487,15321116.09108834,1.00062417,1541143.0,1541143.0,0.17780702,0.77642827,0.22357173,0.49035229,0.50964771,24765604.21015365,23191229.8170655,0.93642899,1546072.0,1546072.0,1312905.34015434,0.2202898,0.22950377,0.68332199,0.31667801,0.53562383,0.46437617,5560724.90319918,5622089.53432981,1.01103537,3087215.0,3087215.0,2967467.98023613,0.19570837,0.20369666,0.72980081,0.27019919,0.5130242,0.4869758,15147833.30188224,14392634.27192149,0.95014475,0.00621764,composite_within25_low_falsepeak,0.61398504
8,0.0091117,0.00621529,774308.84498736,34551628.42933051,0.37958827,0.53305632,-9989.08284791,0.77584926,0.38906165,0.4411668,0.5588332,0.50774964,0.49050751,1921433.85009134,1911444.77682572,259475679.0,257441061.0,0.00864017,454675.56345673,19489826.94358404,0.28770871,0.44059676,-14406.44424457,0.59252207,0.29704534,0.5873722,0.4126278,0.52760032,0.471252,2177059.09901951,2162652.65750265,30917997.0,30696010.0,11689967.91331135,0.12782606,4524501.68955168,0.17121186,0.14720852,314192.0,1550765.0,10113.0,304164.0,304164.0,0.12506944,0.8894478,0.1105522,0.56195342,0.43804658,63213464.55476283,56326332.919869,0.89104961,1236979.0,1236979.0,2762566.49229462,0.18188011,0.19133515,0.74744519,0.25255481,0.46477992,0.53522008,15311559.05092487,15484836.09591359,1.01131675,1541143.0,1541143.0,0.17825678,0.77547119,0.22452881,0.48395833,0.51604167,24765604.21015365,23545420.27765306,0.9507307,1546072.0,1546072.0,1317792.09250365,0.22011278,0.2297657,0.68330582,0.31669418,0.53181805,0.46818195,5560724.90319918,5670543.30007184,1.01974894,3087215.0,3087215.0,2918587.01874958,0.19570136,0.20405236,0.72931493,0.27068507,0.5079264,0.4920736,15147833.30188224,14593712.44045318,0.96341913,0.00621529,composite_within25_low_falsepeak,0.61345445
9,0.00909986,0.00621061,774281.91922795,34739487.98279943,0.37934217,0.53270917,-11414.68541562,0.76619752,0.38884393,0.44139315,0.55860685,0.50775072,0.49050759,1921433.85636979,1910019.17422802,259475679.0,257441061.0,0.00862958,458336.53054449,20360914.76253481,0.28758468,0.44043162,-28033.9850949,0.59273051,0.29695139,0.5874558,0.4125442,0.52689995,0.47199151,2177059.09901951,2149025.12079802,30917997.0,30696010.0,12175173.04032731,0.12788495,4610597.31149021,0.17127222,0.15067295,314192.0,1550765.0,10113.0,304164.0,304164.0,0.12506871,0.88959246,0.11040754,0.56467564,0.43532436,63213464.55476283,55100925.62574781,0.87166438,1236979.0,1236979.0,2750523.99694017,0.18194083,0.19153764,0.74719458,0.25280542,0.46480175,0.53519825,15311559.05092487,15391896.40887854,1.00524684,1541143.0,1541143.0,0.17841916,0.77529859,0.22470141,0.48451312,0.51548688,24765604.21015365,23228973.95506962,0.93795305,1546072.0,1546072.0,1304819.26610379,0.21995712,0.22972082,0.68327154,0.31672846,0.5311512,0.4688488,5560724.90319918,5661342.59841838,1.01809435,3087215.0,3087215.0,2955069.30512432,0.19565354,0.20411094,0.7292116,0.2707884,0.50786939,0.49213061,15147833.30188224,14431134.07849393,0.95268635,0.00621061,composite_within25_low_falsepeak,0.61364973
10,0.00909013,0.00620183,774324.68932542,34583268.56189692,0.37912514,0.5324299,-11446.09483553,0.76208559,0.38865329,0.44158785,0.55841215,0.50776145,0.49050127,1921433.85737123,1909987.76616759,259475679.0,257441061.0,0.00862208,462586.74222119,21202315.42279368,0.2874007,0.44011892,-45839.74345511,0.59136169,0.29678757,0.5879095,0.4120905,0.52835473,0.47054274,2177059.09901951,2131219.33657686,30917997.0,30696010.0,12653461.05330915,0.1280207,4702514.10762779,0.17108663,0.15094929,314192.0,1550765.0,10113.0,304164.0,304164.0,0.1248923,0.89072014,0.10927986,0.57194803,0.42804868,63213464.55476283,54262095.166973,0.85839458,1236979.0,1236979.0,2747434.91315309,0.18167622,0.1907484,0.74857455,0.25142545,0.47056417,0.52943583,15311559.05092487,15258263.91006734,0.99651929,1541143.0,1541143.0,0.17775087,0.77662877,0.22337123,0.49057355,0.5094258,24765604.21015365,22956161.76976349,0.92693728,1546072.0,1546072.0,1306896.49158529,0.2198273,0.22903119,0.68398432,0.31601568,0.53558502,0.46441498,5560724.90319918,5627048.73446793,1.01192719,3087215.0,3087215.0,3001994.60335034,0.19549587,0.20343196,0.73023259,0.26976741,0.51311522,0.48688446,15147833.30188224,14277771.59907427,0.94256197,0.00620183,composite_within25_low_falsepeak,0.61315295
11,0.00908286,0.00619952,774448.23194536,33991307.97716654,0.37894165,0.53221383,-9248.85469541,0.76407053,0.38847837,0.44180068,0.55819932,0.507765,0.49049424,1921433.85936273,1912185.0070411,259475679.0,257441061.0,0.00861704,456622.35649369,18903892.26967966,0.28742127,0.44003649,24067.34145313,0.59088737,0.2968189,0.58781464,0.41218536,0.52933749,0.46951693,2177059.09901951,2201126.44445544,30917997.0,30696010.0,11433876.77108742,0.12792545,4530789.96472382,0.17119332,0.14988779,314192.0,1550765.0,10113.0,304164.0,304164.0,0.12502629,0.89006917,0.10993083,0.56683894,0.43316106,63213464.55476283,57859833.8156627,0.9153087,1236979.0,1236979.0,2833371.90189551,0.18183257,0.19103716,0.74792781,0.25207219,0.46860618,0.53139301,15311559.05092487,15822992.55565088,1.03340179,1541143.0,1541143.0,0.17800908,0.7759812,0.2240188,0.48799365,0.5120057,24765604.21015365,24119493.10219606,0.97391095,1546072.0,1546072.0,1327499.2520366,0.21979517,0.22901971,0.68425403,0.31574597,0.53491752,0.46508248,5560724.90319918,5737825.54678303,1.03184848,3087215.0,3087215.0,2926587.4315959,0.19553304,0.20355512,0.73004439,0.26995561,0.51149304,0.48850663,15147833.30188224,14913985.34688898,0.98456228,0.00619952,composite_within25_low_falsepeak,0.61314562
12,0.00907366,0.0061905,775727.9979718,35370704.91369995,0.37873307,0.53194307,-10084.04799333,0.77092641,0.38830166,0.44201835,0.55798165,0.50769261,0.49057384,1921433.85521313,1911349.8104021,259475679.0,257441061.0,0.00860892,453888.28895255,19402120.50684283,0.28709682,0.43971535,-14615.99475524,0.59042156,0.29651052,0.58840898,0.41159102,0.52833057,0.47057735,2177059.09901951,2162443.09928132,30917997.0,30696010.0,11665985.7875154,0.12777686,4528408.01289787,0.17098742,0.1490494,314192.0,1550765.0,10113.0,304164.0,304164.0,0.12468509,0.89067411,0.10932589,0.56854855,0.43145145,63213464.55476283,56433471.16028073,0.89274447,1236979.0,1236979.0,2773330.33632914,0.18161257,0.19068678,0.7484064,0.2515936,0.46946149,0.53053851,15311559.05092487,15522618.55858362,1.01378433,1541143.0,1541143.0,0.17766052,0.77648473,0.22351527,0.48901757,0.51098243,24765604.21015365,23596891.2194344,0.95280903,1546072.0,1546072.0,1314174.32522825,0.21960478,0.22876816,0.68445842,0.31554158,0.53537028,0.46462972,5560724.90319918,5661396.70559836,1.01810408,3087215.0,3087215.0,2918725.25837076,0.19533491,0.20325514,0.73039811,0.26960189,0.51223093,0.48776907,15147833.30188224,14614826.17423242,0.96481298,0.0061905,composite_within25_low_falsepeak,0.61228101
13,0.00906631,0.006186,776501.56179814,35079804.56443234,0.3785916,0.531728,-6989.84868269,0.76833213,0.38816967,0.44209789,0.55790211,0.50774318,0.49051723,1921433.8526403,1914444.00981782,259475679.0,257441061.0,0.00860358,458573.14992943,20321373.11568344,0.28715619,0.43955368,-21817.51610852,0.5891355,0.29659139,0.58828561,0.41171439,0.53056995,0.46830327,2177059.09901951,2155241.55474473,30917997.0,30696010.0,12126256.88540572,0.12821841,4622032.60354961,0.17114432,0.15287437,314192.0,1550765.0,10113.0,304164.0,304164.0,0.12508647,0.89018096,0.10981904,0.57350311,0.42649689,63213464.55476283,55718264.47349094,0.88143032,1236979.0,1236979.0,2776799.28742914,0.18169949,0.19082739,0.74866671,0.25133329,0.47163695,0.52836305,15311559.05092487,15450979.96504178,1.0091056,1541143.0,1541143.0,0.17785259,0.77659633,0.22340367,0.49174152,0.50825848,24765604.21015365,23398236.39781553,0.94478763,1546072.0,1546072.0,1309955.24077682,0.21970971,0.2287634,0.68452245,0.31547755,0.53696141,0.46303859,5560724.90319918,5662834.12967347,1.01836257,3087215.0,3087215.0,2963349.92274286,0.19546579,0.20334864,0.73048589,0.26951411,0.51438756,0.48561244,15147833.30188224,14516377.0518419,0.95831376,0.006186,composite_within25_low_falsepeak,0.61287739
14,0.00905924,0.00618224,777738.46562087,35549865.993511,0.37842606,0.53152336,-11449.41185828,0.76698807,0.38801977,0.44231242,0.55768758,0.50776475,0.49049755,1921433.86211907,1909984.44431492,259475679.0,257441061.0,0.00859804,459808.72662896,20804363.3721428,0.28683461,0.43942129,-43263.91899036,0.5895937,0.29625846,0.58877629,0.41122371,0.52774163,0.47116096,2177059.09901951,2133795.1876379,30917997.0,30696010.0,12420628.89129769,0.12775197,4665551.42388764,0.17130317,0.15092101,314192.0,1550765.0,10113.0,304164.0,304164.0,0.12461272,0.89007246,0.10992754,0.5690417,0.43095501,63213464.55476283,54812794.63146731,0.86710632,1236979.0,1236979.0,2758635.14851314,0.18201209,0.19114972,0.74747995,0.25252005,0.46870157,0.53129843,15311559.05092487,15291243.25909892,0.99867317,1541143.0,1541143.0,0.17801781,0.77562238,0.22437762,0.48850496,0.51149439,24765604.21015365,23091319.75629406,0.93239477,1546072.0,1546072.0,1304699.67817847,0.21967198,0.22882245,0.68423851,0.31576149,0.53544013,0.46455987,5560724.90319918,5616825.82106234,1.01008878,3087215.0,3087215.0,2982442.62153551,0.19552619,0.20346068,0.72985749,0.27014251,0.51201002,0.48798966,15147833.30188224,14340122.89963283,0.94667816,0.00618224,composite_within25_low_falsepeak,0.61200943
15,0.00904975,0.00617935,773929.73465338,34533563.47505835,0.37819873,0.53124413,-14664.97717656,0.76671054,0.38780398,0.44254857,0.55745143,0.50777554,0.49048471,1921433.85812105,1906768.88399992,259475679.0,257441061.0,0.00858784,455293.33841014,19355554.2257164,0.28677932,0.43932074,5150.74208748,0.58968832,0.29619956,0.58865465,0.41134535,0.52749297,0.47137116,2177059.09901951,2182209.83472957,30917997.0,30696010.0,11607935.35580081,0.12757584,4535140.02300765,0.17093521,0.14993759,314192.0,1550765.0,10113.0,304164.0,304164.0,0.12440588,0.89108178,0.10891822,0.57046528,0.42953472,63213464.55476283,56835744.02824391,0.8991082,1236979.0,1236979.0,2795991.89893097,0.18159696,0.19070927,0.74814124,0.25185876,0.4683208,0.5316792,15311559.05092487,15672109.97190679,1.02354763,1541143.0,1541143.0,0.17762346,0.77635236,0.22364764,0.4884803,0.5115197,24765604.21015365,23796272.06132029,0.96085974,1546072.0,1546072.0,1313234.52596234,0.21922089,0.22848196,0.6845949,0.3154051,0.53312524,0.46687476,5560724.90319918,5718331.36026234,1.02834279,3087215.0,3087215.0,2921615.26288461,0.19511659,0.20309331,0.73040038,0.26959962,0.51083841,0.48916159,15147833.30188224,14742870.19151069,0.97326594,0.00617935,composite_within25_low_falsepeak,0.61189136
16,0.00904238,0.00617003,775653.72572618,34657944.47075842,0.37803745,0.53102476,-11678.04842314,0.7705323,0.38766676,0.44269462,0.55730538,0.5077961,0.49046668,1921433.85492213,1909755.80976811,259475679.0,257441061.0,0.00858264,455432.14504173,19958928.24074308,0.28669164,0.43898462,-23614.32806484,0.58795934,0.29614275,0.5890577,0.4109423,0.52984661,0.469056,2177059.09901951,2153444.78030013,30917997.0,30696010.0,11971647.70231817,0.12815318,4577603.71960539,0.17082927,0.1518316,314192.0,1550765.0,10113.0,304164.0,304164.0,0.12481675,0.89086808,0.10913192,0.57474586,0.42525414,63213464.55476283,55979525.6119522,0.88556332,1236979.0,1236979.0,2759462.8561871,0.18132301,0.18996556,0.74970392,0.25029608,0.47379301,0.52620538,15311559.05092487,15454871.84301436,1.00935978,1541143.0,1541143.0,0.17710762,0.77756444,0.22243556,0.49371733,0.50628138,24765604.21015365,23452923.17978667,0.9469958,1546072.0,1546072.0,1307430.57185106,0.21909839,0.22779403,0.6858167,0.3141833,0.53821879,0.46178121,5560724.90319918,5642805.58494679,1.01476079,3087215.0,3087215.0,2939906.57048686,0.19500236,0.20249129,0.73161733,0.26838267,0.51600358,0.48399577,15147833.30188224,14533646.8015267,0.95945384,0.00617003,composite_within25_low_falsepeak,0.61173002
1,0.00921312,0.00626839,771712.93512811,34168393.18366573,0.38181015,0.53601869,-7784.21814197,0.77969324,0.39106103,0.43906993,0.56093007,0.50766444,0.49058377,1921433.85967565,1913649.64782394,259475679.0,257441061.0,0.00872493,461042.12755765,20836428.8133114,0.28923848,0.44247179,-39204.32233538,0.59602426,0.29847004,0.58536012,0.41463988,0.53039911,0.46848889,2177059.09901951,2137854.77362417,30917997.0,30696010.0,12338900.7602126,0.1273439,4629296.45796326,0.17108819,0.15307055,314192.0,1550765.0,10113.0,304164.0,304164.0,0.12357397,0.89330756,0.10669244,0.58308676,0.41691324,63213464.55476283,54618277.81569424,0.86402918,1236979.0,1236979.0,2733561.66553773,0.18184458,0.19096835,0.74828595,0.25171405,0.47094817,0.52905102,15311559.05092487,15333304.17865952,1.00142018,1541143.0,1541143.0,0.17766722,0.77690779,0.22309221,0.49308014,0.50691922,24765604.21015365,23086689.17830374,0.93220779,1546072.0,1546072.0,1324419.00324725,0.22182027,0.23149073,0.68081758,0.31918242,0.53637217,0.46362783,5560724.90319918,5649858.70938217,1.01602917,3087215.0,3087215.0,2974219.46291571,0.19649473,0.20462194,0.72878598,0.27121402,0.51476071,0.48523896,15147833.30188224,14354354.19840457,0.94761765,0.00626839,composite_within25_low_falsepeak,0.61680736
2,0.00918579,0.00625974,773053.4228777,34731547.06792666,0.38122278,0.5352202,-7515.31963699,0.77257362,0.39053209,0.43960067,0.56039933,0.50774186,0.49051389,1921433.85721322,1913918.54464553,259475679.0,257441061.0,0.00870236,460229.11607111,19743946.40196815,0.28894608,0.44216988,4974.60784643,0.59588622,0.29820997,0.58578718,0.41421282,0.53058906,0.46827665,2177059.09901951,2182033.71181898,30917997.0,30696010.0,11763792.11210995,0.12770557,4573975.67939482,0.17121453,0.15053467,314192.0,1550765.0,10113.0,304164.0,304164.0,0.12437724,0.89173604,0.10826396,0.57509764,0.42490236,63213464.55476283,56811364.76823606,0.89872253,1236979.0,1236979.0,2806052.94689447,0.18191306,0.19107753,0.74805959,0.25194041,0.47005972,0.52994028,15311559.05092487,15667331.23162224,1.02323553,1541143.0,1541143.0,0.17791339,0.77641595,0.22358405,0.49079028,0.50920972,24765604.21015365,23787625.17348665,0.96051059,1546072.0,1546072.0,1340035.18307287,0.22130171,0.23087933,0.68179878,0.31820122,0.53602031,0.46397969,5560724.90319918,5725575.15376822,1.02964546,3087215.0,3087215.0,2954423.82998776,0.1962981,0.20443864,0.72903183,0.27096817,0.5134414,0.4865586,15147833.30188224,14742181.19819821,0.97322045,0.00625974,composite_within25_low_falsepeak,0.61603333
3,0.0091694,0.0062469,774774.69745719,34750000.91601969,0.38085131,0.53474279,-9342.5527478,0.78921856,0.39021047,0.44001164,0.55998836,0.50770964,0.49054742,1921433.85865486,1912091.30250769,259475679.0,257441061.0,0.00868924,458076.53013351,19394796.40142848,0.28862683,0.44171456,7232.41849286,0.59475828,0.29790119,0.58617596,0.41382404,0.53010271,0.46876646,2177059.09901951,2184291.50636693,30917997.0,30696010.0,11566091.50444132,0.12759219,4545557.05160867,0.17126894,0.15228027,314192.0,1550765.0,10113.0,304164.0,304164.0,0.12422724,0.89193659,0.10806341,0.57782972,0.42217028,63213464.55476283,57058031.96252882,0.90262466,1236979.0,1236979.0,2819259.45253247,0.18200873,0.19125261,0.74800542,0.25199458,0.47180025,0.52819813,15311559.05092487,15710361.81594409,1.02604586,1541143.0,1541143.0,0.17802431,0.77641205,0.22358795,0.4927265,0.5072722,24765604.21015365,23870845.78905106,0.96387092,1546072.0,1546072.0,1336433.74966906,0.22093704,0.2304965,0.68252125,0.31747875,0.536215,0.46378435,5560724.90319918,5715225.83348669,1.02778431,3087215.0,3087215.0,2938433.58082237,0.19614264,0.20430229,0.7293917,0.2706083,0.51450547,0.48549356,15147833.30188224,14778542.29294396,0.97562087,0.0062469,composite_within25_low_falsepeak,0.61563829
4,0.00915484,0.00623953,771355.91797457,34964114.16251012,0.38056373,0.53431646,-9143.0657093,0.77911926,0.38995273,0.44025203,0.55974797,0.50773226,0.49052653,1921433.85604362,1912290.7886997,259475679.0,257441061.0,0.00867558,457438.36940035,19336436.10970991,0.28854396,0.44145196,-4853.10293477,0.59338495,0.29786929,0.58638488,0.41361512,0.53160345,0.46728819,2177059.09901951,2172205.98455582,30917997.0,30696010.0,11688180.23750122,0.1283396,4546729.110736,0.17106123,0.15470238,314192.0,1550765.0,10113.0,304164.0,304164.0,0.12470316,0.89122644,0.10877356,0.5844117,0.4155883,63213464.55476283,56824471.30971279,0.89892987,1236979.0,1236979.0,2790699.03500442,0.18156617,0.19015606,0.74983003,0.25016997,0.47615441,0.52384559,15311559.05092487,15580521.63739906,1.01756598,1541143.0,1541143.0,0.17723811,0.77773639,0.22226361,0.49752035,0.50247965,24765604.21015365,23720534.90960495,0.95780158,1546072.0,1546072.0,1334254.87405735,0.22075676,0.22961298,0.68323467,0.31676533,0.53928666,0.46071334,5560724.90319918,5679004.42101262,1.02127052,3087215.0,3087215.0,2937927.49150468,0.19594867,0.20346735,0.73041009,0.26958991,0.51843684,0.48156316,15147833.30188224,14685367.2908993,0.96946982,0.00623953,composite_within25_low_falsepeak,0.61569065
5,0.00914262,0.00623122,774596.05570188,35002517.8684242,0.38029941,0.53396251,-10000.4933993,0.76866094,0.38972121,0.44048186,0.55951814,0.50774351,0.4905145,1921433.85837429,1911433.36775315,259475679.0,257441061.0,0.00866576,455859.67158048,19384424.60623748,0.28817114,0.44116016,-4974.63956354,0.59378499,0.29749081,0.58686207,0.41313793,0.52882258,0.47007838,2177059.09901951,2172084.44919372,30917997.0,30696010.0,11588962.06086912,0.1274953,4528717.12178338,0.17131391,0.1496178,314192.0,1550765.0,10113.0,304164.0,304164.0,0.12447909,0.89118042,0.10881958,0.57026801,0.42973199,63213464.55476283,56771967.46234562,0.89809929,1236979.0,1236979.0,2792655.09740109,0.18208858,0.19138265,0.74766104,0.25233896,0.4697703,0.5302297,15311559.05092487,15588116.57540877,1.01806201,1541143.0,1541143.0,0.17817839,0.77598639,0.22401361,0.48960479,0.51039521,24765604.21015365,23716268.88758134,0.95762933,1546072.0,1546072.0,1326599.33092117,0.22062593,0.2301135,0.68296819,0.31703181,0.53574025,0.46425975,5560724.90319918,5685186.4926896,1.02238226,3087215.0,3087215.0,2925101.9874744,0.19600929,0.2041874,0.72940304,0.27059696,0.51270935,0.48729065,15147833.30188224,14686333.5842073,0.96953362,0.00623122,composite_within25_low_falsepeak,0.61445565
6,0.00913172,0.0062274,775655.25342046,34769298.22045553,0.38004196,0.53364276,-11006.68622592,0.76944838,0.3894933,0.44075494,0.55924506,0.50779481,0.49046677,1921433.85175547,1910427.17301775,259475679.0,257441061.0,0.00865739,459747.64202994,19728527.55810002,0.28811946,0.44102496,6405.13434808,0.59329903,0.29745299,0.58679131,0.41320869,0.52924467,0.46962612,2177059.09901951,2183464.20184367,30917997.0,30696010.0,11771962.3445916,0.12766008,4579855.44383666,0.17120203,0.15105681,314192.0,1550765.0,10113.0,304164.0,304164.0,0.12451473,0.89109165,0.10890835,0.57264502,0.42735498,63213464.55476283,56647583.30661532,0.8961316,1236979.0,1236979.0,2811369.49270257,0.18190867,0.19118349,0.74765618,0.25234382,0.46852695,0.53147305,15311559.05092487,15693163.75845511,1.02492266,1541143.0,1541143.0,0.17802557,0.77596498,0.22403502,0.48907597,0.51092403,24765604.21015365,23776034.80314734,0.96004259,1546072.0,1546072.0,1331034.45078619,0.22045572,0.22995374,0.68297725,0.31702275,0.53424485,0.46575515,5560724.90319918,5735197.63082173,1.0313759,3087215.0,3087215.0,2952851.42169017,0.19586819,0.20403111,0.72939688,0.27060312,0.51169646,0.48830354,15147833.30188224,14741214.31491409,0.97315662,0.0062274,composite_within25_low_falsepeak,0.61461451
7,0.0091222,0.00621764,776447.25576041,35009264.93263892,0.37982975,0.53336264,-10597.59738114,0.77277802,0.38929044,0.44094404,0.55905596,0.50776124,0.49049602,1921433.8580435,1910836.25671872,259475679.0,257441061.0,0.0086503,458936.89155136,20301990.92270676,0.28782716,0.44067862,-37432.5765452,0.5924065,0.29719374,0.58730926,0.41269074,0.52934396,0.46955953,2177059.09901951,2139626.52139984,30917997.0,30696010.0,12173910.74543811,0.12733642,4627322.42317324,0.17104833,0.15179826,314192.0,1550765.0,10113.0,304164.0,304164.0,0.12412001,0.89174261,0.10825739,0.57410476,0.42589524,63213464.55476283,55197532.58266828,0.87319265,1236979.0,1236979.0,2771672.06276412,0.18179676,0.19100825,0.74807333,0.25192667,0.46975818,0.53024182,15311559.05092487,15321116.09108834,1.00062417,1541143.0,1541143.0,0.17780702,0.77642827,0.22357173,0.49035229,0.50964771,24765604.21015365,23191229.8170655,0.93642899,1546072.0,1546072.0,1312905.34015434,0.2202898,0.22950377,0.68332199,0.31667801,0.53562383,0.46437617,5560724.90319918,5622089.53432981,1.01103537,3087215.0,3087215.0,2967467.98023613,0.19570837,0.20369666,0.72980081,0.27019919,0.5130242,0.4869758,15147833.30188224,14392634.27192149,0.95014475,0.00621764,composite_within25_low_falsepeak,0.61398504
8,0.0091117,0.00621529,774308.84498736,34551628.42933051,0.37958827,0.53305632,-9989.08284791,0.77584926,0.38906165,0.4411668,0.5588332,0.50774964,0.49050751,1921433.85009134,1911444.77682572,259475679.0,257441061.0,0.00864017,454675.56345673,19489826.94358404,0.28770871,0.44059676,-14406.44424457,0.59252207,0.29704534,0.5873722,0.4126278,0.52760032,0.471252,2177059.09901951,2162652.65750265,30917997.0,30696010.0,11689967.91331135,0.12782606,4524501.68955168,0.17121186,0.14720852,314192.0,1550765.0,10113.0,304164.0,304164.0,0.12506944,0.8894478,0.1105522,0.56195342,0.43804658,63213464.55476283,56326332.919869,0.89104961,1236979.0,1236979.0,2762566.49229462,0.18188011,0.19133515,0.74744519,0.25255481,0.46477992,0.53522008,15311559.05092487,15484836.09591359,1.01131675,1541143.0,1541143.0,0.17825678,0.77547119,0.22452881,0.48395833,0.51604167,24765604.21015365,23545420.27765306,0.9507307,1546072.0,1546072.0,1317792.09250365,0.22011278,0.2297657,0.68330582,0.31669418,0.53181805,0.46818195,5560724.90319918,5670543.30007184,1.01974894,3087215.0,3087215.0,2918587.01874958,0.19570136,0.20405236,0.72931493,0.27068507,0.5079264,0.4920736,15147833.30188224,14593712.44045318,0.96341913,0.00621529,composite_within25_low_falsepeak,0.61345445
9,0.00909986,0.00621061,774281.91922795,34739487.98279943,0.37934217,0.53270917,-11414.68541562,0.76619752,0.38884393,0.44139315,0.55860685,0.50775072,0.49050759,1921433.85636979,1910019.17422802,259475679.0,257441061.0,0.00862958,458336.53054449,20360914.76253481,0.28758468,0.44043162,-28033.9850949,0.59273051,0.29695139,0.5874558,0.4125442,0.52689995,0.47199151,2177059.09901951,2149025.12079802,30917997.0,30696010.0,12175173.04032731,0.12788495,4610597.31149021,0.17127222,0.15067295,314192.0,1550765.0,10113.0,304164.0,304164.0,0.12506871,0.88959246,0.11040754,0.56467564,0.43532436,63213464.55476283,55100925.62574781,0.87166438,1236979.0,1236979.0,2750523.99694017,0.18194083,0.19153764,0.74719458,0.25280542,0.46480175,0.53519825,15311559.05092487,15391896.40887854,1.00524684,1541143.0,1541143.0,0.17841916,0.77529859,0.22470141,0.48451312,0.51548688,24765604.21015365,23228973.95506962,0.93795305,1546072.0,1546072.0,1304819.26610379,0.21995712,0.22972082,0.68327154,0.31672846,0.5311512,0.4688488,5560724.90319918,5661342.59841838,1.01809435,3087215.0,3087215.0,2955069.30512432,0.19565354,0.20411094,0.7292116,0.2707884,0.50786939,0.49213061,15147833.30188224,14431134.07849393,0.95268635,0.00621061,composite_within25_low_falsepeak,0.61364973
10,0.00909013,0.00620183,774324.68932542,34583268.56189692,0.37912514,0.5324299,-11446.09483553,0.76208559,0.38865329,0.44158785,0.55841215,0.50776145,0.49050127,1921433.85737123,1909987.76616759,259475679.0,257441061.0,0.00862208,462586.74222119,21202315.42279368,0.2874007,0.44011892,-45839.74345511,0.59136169,0.29678757,0.5879095,0.4120905,0.52835473,0.47054274,2177059.09901951,2131219.33657686,30917997.0,30696010.0,12653461.05330915,0.1280207,4702514.10762779,0.17108663,0.15094929,314192.0,1550765.0,10113.0,304164.0,304164.0,0.1248923,0.89072014,0.10927986,0.57194803,0.42804868,63213464.55476283,54262095.166973,0.85839458,1236979.0,1236979.0,2747434.91315309,0.18167622,0.1907484,0.74857455,0.25142545,0.47056417,0.52943583,15311559.05092487,15258263.91006734,0.99651929,1541143.0,1541143.0,0.17775087,0.77662877,0.22337123,0.49057355,0.5094258,24765604.21015365,22956161.76976349,0.92693728,1546072.0,1546072.0,1306896.49158529,0.2198273,0.22903119,0.68398432,0.31601568,0.53558502,0.46441498,5560724.90319918,5627048.73446793,1.01192719,3087215.0,3087215.0,3001994.60335034,0.19549587,0.20343196,0.73023259,0.26976741,0.51311522,0.48688446,15147833.30188224,14277771.59907427,0.94256197,0.00620183,composite_within25_low_falsepeak,0.61315295
11,0.00908286,0.00619952,774448.23194536,33991307.97716654,0.37894165,0.53221383,-9248.85469541,0.76407053,0.38847837,0.44180068,0.55819932,0.507765,0.49049424,1921433.85936273,1912185.0070411,259475679.0,257441061.0,0.00861704,456622.35649369,18903892.26967966,0.28742127,0.44003649,24067.34145313,0.59088737,0.2968189,0.58781464,0.41218536,0.52933749,0.46951693,2177059.09901951,2201126.44445544,30917997.0,30696010.0,11433876.77108742,0.12792545,4530789.96472382,0.17119332,0.14988779,314192.0,1550765.0,10113.0,304164.0,304164.0,0.12502629,0.89006917,0.10993083,0.56683894,0.43316106,63213464.55476283,57859833.8156627,0.9153087,1236979.0,1236979.0,2833371.90189551,0.18183257,0.19103716,0.74792781,0.25207219,0.46860618,0.53139301,15311559.05092487,15822992.55565088,1.03340179,1541143.0,1541143.0,0.17800908,0.7759812,0.2240188,0.48799365,0.5120057,24765604.21015365,24119493.10219606,0.97391095,1546072.0,1546072.0,1327499.2520366,0.21979517,0.22901971,0.68425403,0.31574597,0.53491752,0.46508248,5560724.90319918,5737825.54678303,1.03184848,3087215.0,3087215.0,2926587.4315959,0.19553304,0.20355512,0.73004439,0.26995561,0.51149304,0.48850663,15147833.30188224,14913985.34688898,0.98456228,0.00619952,composite_within25_low_falsepeak,0.61314562
12,0.00907366,0.0061905,775727.9979718,35370704.91369995,0.37873307,0.53194307,-10084.04799333,0.77092641,0.38830166,0.44201835,0.55798165,0.50769261,0.49057384,1921433.85521313,1911349.8104021,259475679.0,257441061.0,0.00860892,453888.28895255,19402120.50684283,0.28709682,0.43971535,-14615.99475524,0.59042156,0.29651052,0.58840898,0.41159102,0.52833057,0.47057735,2177059.09901951,2162443.09928132,30917997.0,30696010.0,11665985.7875154,0.12777686,4528408.01289787,0.17098742,0.1490494,314192.0,1550765.0,10113.0,304164.0,304164.0,0.12468509,0.89067411,0.10932589,0.56854855,0.43145145,63213464.55476283,56433471.16028073,0.89274447,1236979.0,1236979.0,2773330.33632914,0.18161257,0.19068678,0.7484064,0.2515936,0.46946149,0.53053851,15311559.05092487,15522618.55858362,1.01378433,1541143.0,1541143.0,0.17766052,0.77648473,0.22351527,0.48901757,0.51098243,24765604.21015365,23596891.2194344,0.95280903,1546072.0,1546072.0,1314174.32522825,0.21960478,0.22876816,0.68445842,0.31554158,0.53537028,0.46462972,5560724.90319918,5661396.70559836,1.01810408,3087215.0,3087215.0,2918725.25837076,0.19533491,0.20325514,0.73039811,0.26960189,0.51223093,0.48776907,15147833.30188224,14614826.17423242,0.96481298,0.0061905,composite_within25_low_falsepeak,0.61228101
13,0.00906631,0.006186,776501.56179814,35079804.56443234,0.3785916,0.531728,-6989.84868269,0.76833213,0.38816967,0.44209789,0.55790211,0.50774318,0.49051723,1921433.8526403,1914444.00981782,259475679.0,257441061.0,0.00860358,458573.14992943,20321373.11568344,0.28715619,0.43955368,-21817.51610852,0.5891355,0.29659139,0.58828561,0.41171439,0.53056995,0.46830327,2177059.09901951,2155241.55474473,30917997.0,30696010.0,12126256.88540572,0.12821841,4622032.60354961,0.17114432,0.15287437,314192.0,1550765.0,10113.0,304164.0,304164.0,0.12508647,0.89018096,0.10981904,0.57350311,0.42649689,63213464.55476283,55718264.47349094,0.88143032,1236979.0,1236979.0,2776799.28742914,0.18169949,0.19082739,0.74866671,0.25133329,0.47163695,0.52836305,15311559.05092487,15450979.96504178,1.0091056,1541143.0,1541143.0,0.17785259,0.77659633,0.22340367,0.49174152,0.50825848,24765604.21015365,23398236.39781553,0.94478763,1546072.0,1546072.0,1309955.24077682,0.21970971,0.2287634,0.68452245,0.31547755,0.53696141,0.46303859,5560724.90319918,5662834.12967347,1.01836257,3087215.0,3087215.0,2963349.92274286,0.19546579,0.20334864,0.73048589,0.26951411,0.51438756,0.48561244,15147833.30188224,14516377.0518419,0.95831376,0.006186,composite_within25_low_falsepeak,0.61287739
14,0.00905924,0.00618224,777738.46562087,35549865.993511,0.37842606,0.53152336,-11449.41185828,0.76698807,0.38801977,0.44231242,0.55768758,0.50776475,0.49049755,1921433.86211907,1909984.44431492,259475679.0,257441061.0,0.00859804,459808.72662896,20804363.3721428,0.28683461,0.43942129,-43263.91899036,0.5895937,0.29625846,0.58877629,0.41122371,0.52774163,0.47116096,2177059.09901951,2133795.1876379,30917997.0,30696010.0,12420628.89129769,0.12775197,4665551.42388764,0.17130317,0.15092101,314192.0,1550765.0,10113.0,304164.0,304164.0,0.12461272,0.89007246,0.10992754,0.5690417,0.43095501,63213464.55476283,54812794.63146731,0.86710632,1236979.0,1236979.0,2758635.14851314,0.18201209,0.19114972,0.74747995,0.25252005,0.46870157,0.53129843,15311559.05092487,15291243.25909892,0.99867317,1541143.0,1541143.0,0.17801781,0.77562238,0.22437762,0.48850496,0.51149439,24765604.21015365,23091319.75629406,0.93239477,1546072.0,1546072.0,1304699.67817847,0.21967198,0.22882245,0.68423851,0.31576149,0.53544013,0.46455987,5560724.90319918,5616825.82106234,1.01008878,3087215.0,3087215.0,2982442.62153551,0.19552619,0.20346068,0.72985749,0.27014251,0.51201002,0.48798966,15147833.30188224,14340122.89963283,0.94667816,0.00618224,composite_within25_low_falsepeak,0.61200943
15,0.00904975,0.00617935,773929.73465338,34533563.47505835,0.37819873,0.53124413,-14664.97717656,0.76671054,0.38780398,0.44254857,0.55745143,0.50777554,0.49048471,1921433.85812105,1906768.88399992,259475679.0,257441061.0,0.00858784,455293.33841014,19355554.2257164,0.28677932,0.43932074,5150.74208748,0.58968832,0.29619956,0.58865465,0.41134535,0.52749297,0.47137116,2177059.09901951,2182209.83472957,30917997.0,30696010.0,11607935.35580081,0.12757584,4535140.02300765,0.17093521,0.14993759,314192.0,1550765.0,10113.0,304164.0,304164.0,0.12440588,0.89108178,0.10891822,0.57046528,0.42953472,63213464.55476283,56835744.02824391,0.8991082,1236979.0,1236979.0,2795991.89893097,0.18159696,0.19070927,0.74814124,0.25185876,0.4683208,0.5316792,15311559.05092487,15672109.97190679,1.02354763,1541143.0,1541143.0,0.17762346,0.77635236,0.22364764,0.4884803,0.5115197,24765604.21015365,23796272.06132029,0.96085974,1546072.0,1546072.0,1313234.52596234,0.21922089,0.22848196,0.6845949,0.3154051,0.53312524,0.46687476,5560724.90319918,5718331.36026234,1.02834279,3087215.0,3087215.0,2921615.26288461,0.19511659,0.20309331,0.73040038,0.26959962,0.51083841,0.48916159,15147833.30188224,14742870.19151069,0.97326594,0.00617935,composite_within25_low_falsepeak,0.61189136
16,0.00904238,0.00617003,775653.72572618,34657944.47075842,0.37803745,0.53102476,-11678.04842314,0.7705323,0.38766676,0.44269462,0.55730538,0.5077961,0.49046668,1921433.85492213,1909755.80976811,259475679.0,257441061.0,0.00858264,455432.14504173,19958928.24074308,0.28669164,0.43898462,-23614.32806484,0.58795934,0.29614275,0.5890577,0.4109423,0.52984661,0.469056,2177059.09901951,2153444.78030013,30917997.0,30696010.0,11971647.70231817,0.12815318,4577603.71960539,0.17082927,0.1518316,314192.0,1550765.0,10113.0,304164.0,304164.0,0.12481675,0.89086808,0.10913192,0.57474586,0.42525414,63213464.55476283,55979525.6119522,0.88556332,1236979.0,1236979.0,2759462.8561871,0.18132301,0.18996556,0.74970392,0.25029608,0.47379301,0.52620538,15311559.05092487,15454871.84301436,1.00935978,1541143.0,1541143.0,0.17710762,0.77756444,0.22243556,0.49371733,0.50628138,24765604.21015365,23452923.17978667,0.9469958,1546072.0,1546072.0,1307430.57185106,0.21909839,0.22779403,0.6858167,0.3141833,0.53821879,0.46178121,5560724.90319918,5642805.58494679,1.01476079,3087215.0,3087215.0,2939906.57048686,0.19500236,0.20249129,0.73161733,0.26838267,0.51600358,0.48399577,15147833.30188224,14533646.8015267,0.95945384,0.00617003,composite_within25_low_falsepeak,0.61173002
17,0.00903405,0.00616362,777113.10962708,35217927.47012656,0.37786089,0.53078067,-10156.14880068,0.76090988,0.38750411,0.44284581,0.55715419,0.50777901,0.49048344,1921433.86025497,1911277.70906436,259475679.0,257441061.0,0.00857631,459075.759863,20824674.84546145,0.28629841,0.43875882,-54824.65152338,0.5883004,0.29576201,0.58972648,0.41027352,0.52757418,0.47136475,2177059.09901951,2122234.43683256,30917997.0,30696010.0,12535417.59666601,0.12856741,4673101.89997451,0.17075715,0.15481205,314192.0,1550765.0,10113.0,304164.0,304164.0,0.12463394,0.89060178,0.10939822,0.58595692,0.41404308,63213464.55476283,54542063.87326728,0.86282352,1236979.0,1236979.0,2739816.51077517,0.1811313,0.1894355,0.75050829,0.24949171,0.47699921,0.52300079,15311559.05092487,15195301.55508637,0.99240721,1541143.0,1541143.0,0.17664609,0.77815751,0.22184249,0.49850338,0.50149662,24765604.21015365,22960881.1605714,0.92712784,1546072.0,1546072.0,1301154.08569541,0.21878976,0.22727383,0.68621448,0.31378552,0.53822978,0.46177022,5560724.90319918,5582896.87099544,1.00398724,3087215.0,3087215.0,2984436.19329004,0.1948118,0.20200038,0.7321126,0.2678874,0.5183983,0.4816017,15147833.30188224,14258016.26480215,0.9412578,0.00616362,composite_within25_low_falsepeak,0.61120906
18,0.00902761,0.0061612,774907.76668755,34520978.58424362,0.37770586,0.53059157,-12080.36361877,0.76659652,0.38735988,0.44302965,0.55697035,0.50774123,0.49052126,1921433.85835183,1909353.49542077,259475679.0,257441061.0,0.00856993,457169.5125319,20473005.91252622,0.28623829,0.43867431,-42931.83162502,0.58836165,0.29567263,0.58963781,0.41036219,0.5272849,0.47159349,2177059.09901951,2134127.2763323,30917997.0,30696010.0,12279449.45391777,0.12779107,4632525.9306907,0.17092461,0.14912531,314192.0,1550765.0,10113.0,304164.0,304164.0,0.1248566,0.89017438,0.10982562,0.56825265,0.43174406,63213464.55476283,55170950.12379786,0.87277213,1236979.0,1236979.0,2752203.90098833,0.18153083,0.19076354,0.74867237,0.25132763,0.46958598,0.53041402,15311559.05092487,15268751.40983966,0.99720423,1541143.0,1541143.0,0.17775598,0.77659958,0.22340042,0.48905909,0.51094026,24765604.21015365,23143953.4031551,0.93452004,1546072.0,1546072.0,1299991.28044845,0.21888165,0.22800996,0.68558773,0.31441227,0.53534894,0.46465106,5560724.90319918,5592342.0158787,1.00568579,3087215.0,3087215.0,2963598.2874171,0.19494141,0.20292309,0.731021,0.268979,0.51224097,0.48775871,15147833.30188224,14354136.41224081,0.94760327,0.0061612,composite_within25_low_falsepeak,0.61061072
19,0.00902118,0.00615988,774991.48388456,35078371.22730089,0.37757074,0.53040292,-10168.7173772,0.75995055,0.38723584,0.44316165,0.55683835,0.50773489,0.49052434,1921433.85286143,1911265.1396838,259475679.0,257441061.0,0.00856519,456645.7553937,19467058.19269663,0.28620505,0.43862687,10474.48391312,0.58826149,0.29564525,0.58961389,0.41038611,0.52616924,0.47272254,2177059.09901951,2187533.5143796,30917997.0,30696010.0,11670656.93555066,0.12795068,4568127.53604606,0.17096712,0.14956999,314192.0,1550765.0,10113.0,304164.0,304164.0,0.12516703,0.88969109,0.11030891,0.56397207,0.43602793,63213464.55476283,57136015.1285247,0.90385831,1236979.0,1236979.0,2821668.01107413,0.18154455,0.19091971,0.74826654,0.25173346,0.46733857,0.53266143,15311559.05092487,15765519.95651509,1.02964825,1541143.0,1541143.0,0.17794259,0.77617846,0.22382154,0.48641041,0.51358959,24765604.21015365,23930508.7724352,0.96628003,1546072.0,1546072.0,1318119.87303971,0.21882455,0.2282383,0.6855735,0.3144265,0.53308125,0.4669181,5560724.90319918,5722036.44581344,1.02900909,3087215.0,3087215.0,2940529.22769566,0.19493404,0.20313059,0.73080365,0.26919635,0.50978309,0.49021659,15147833.30188224,14811736.87082765,0.97781224,0.00615988,composite_within25_low_falsepeak,0.61067006
20,0.00901248,0.00615314,777616.94332675,35258129.19827066,0.37736288,0.53014756,-12979.37502736,0.76865573,0.38704284,0.44338079,0.55661921,0.50768199,0.49058149,1921433.86359764,1908454.4916586,259475679.0,257441061.0,0.00855695,458305.5713151,20394098.49757658,0.28611597,0.43838663,-22124.65400748,0.5872228,0.29559231,0.58978362,0.41021638,0.5277872,0.47108944,2177059.09901951,2154934.43309936,30917997.0,30696010.0,12223485.8090438,0.12809137,4635622.36673393,0.17068391,0.15234755,314192.0,1550765.0,10113.0,304164.0,304164.0,0.12482953,0.89094699,0.10905301,0.57300338,0.42699333,63213464.55476283,55655989.05305646,0.88044516,1236979.0,1236979.0,2769822.77329,0.1811571,0.18999271,0.74958184,0.25041816,0.47109692,0.52890308,15311559.05092487,15463408.28888809,1.00991729,1541143.0,1541143.0,0.17713194,0.77748204,0.22251796,0.49120945,0.5087899,24765604.21015365,23395920.91735301,0.94469413,1546072.0,1546072.0,1304336.57902348,0.21863506,0.22751975,0.68640141,0.31359859,0.53574736,0.46425199,5560724.90319918,5659988.46329141,1.01785083,3087215.0,3087215.0,2967320.11953794,0.19469776,0.20236607,0.73186901,0.26813099,0.51351396,0.48648539,15147833.30188224,14513796.1070534,0.95814337,0.00615314,composite_within25_low_falsepeak,0.61071235
21,0.00900502,0.00615304,778916.08393362,35070427.50805685,0.37720113,0.52992722,-10690.79261488,0.76306513,0.38690941,0.44348202,0.55651798,0.50770949,0.49055451,1921433.85417986,1910743.06575555,259475679.0,257441061.0,0.00855042,458675.94523731,20850326.71000339,0.28604198,0.43838375,-44752.17750954,0.58756498,0.29550751,0.58983871,0.41016129,0.52693358,0.47195153,2177059.09901951,2132306.93770535,30917997.0,30696010.0,12462252.76279154,0.12760957,4654912.67431337,0.17064724,0.15247939,314192.0,1550765.0,10113.0,304164.0,304164.0,0.12425219,0.89145001,0.10854999,0.57518312,0.42481688,63213464.55476283,54412077.68860786,0.86076721,1236979.0,1236979.0,2735145.38665462,0.18122988,0.19042049,0.74905233,0.25094767,0.46893197,0.53106803,15311559.05092487,15283990.15241597,0.99819947,1541143.0,1541143.0,0.17736134,0.77715631,0.22284369,0.48990198,0.51009802,24765604.21015365,23006411.48771311,0.92896629,1546072.0,1546072.0,1299112.43271435,0.21850155,0.22774725,0.685959,0.314041,0.53312459,0.46687476,5560724.90319918,5630421.58194442,1.01253374,3087215.0,3087215.0,2974333.63223605,0.1946126,0.20259452,0.73148485,0.26851515,0.51154779,0.48845189,15147833.30188224,14304545.27627535,0.94432946,0.00615304,composite_within25_low_falsepeak,0.6105686
22,0.00899819,0.00614535,776178.54421384,34786745.07398061,0.3770306,0.52972621,-10637.41120734,0.76094487,0.38674159,0.44372309,0.55627691,0.50774573,0.49051701,1921433.85227852,1910796.450537,259475679.0,257441061.0,0.00854506,453786.36809709,19511714.16513892,0.28582871,0.43811026,-5016.52833739,0.58721092,0.29530586,0.59017371,0.40982629,0.5265344,0.47234987,2177059.09901951,2172042.54316087,30917997.0,30696010.0,11710519.6666325,0.12778092,4536397.47205538,0.17072213,0.14993953,314192.0,1550765.0,10113.0,304164.0,304164.0,0.12479396,0.89064452,0.10935548,0.56799292,0.43200708,63213464.55476283,56418820.35366628,0.89251271,1236979.0,1236979.0,2772333.8119325,0.18128106,0.19047023,0.74882193,0.25117807,0.46764577,0.53235342,15311559.05092487,15636170.06877007,1.02120039,1541143.0,1541143.0,0.17750819,0.7768124,0.2231876,0.48745055,0.5125488,24765604.21015365,23685140.43722256,0.9563724,1546072.0,1546072.0,1307833.24088816,0.21846499,0.22766972,0.68619443,0.31380557,0.53346933,0.46653067,5560724.90319918,5700950.08871159,1.02521707,3087215.0,3087215.0,2919538.00841598,0.19463167,0.202629,0.73143108,0.26856892,0.51049668,0.489503,15147833.30188224,14678688.57391454,0.96902892,0.00614535,composite_within25_low_falsepeak,0.60990437
23,0.00899256,0.00614338,775805.85523435,34519363.22672778,0.37690611,0.52956006,-10323.34762016,0.76040853,0.38662817,0.44388725,0.55611275,0.50775302,0.49051013,1921433.86436057,1911110.51002485,259475679.0,257441061.0,0.0085402,456773.79238246,19977963.56098726,0.28574756,0.4380403,-7739.80564112,0.58726615,0.29521908,0.59020501,0.40979499,0.52597557,0.47288387,2177059.09901951,2169319.28087376,30917997.0,30696010.0,12008452.16539673,0.12780924,4595347.59891144,0.17064363,0.15079951,314192.0,1550765.0,10113.0,304164.0,304164.0,0.12475982,0.89020397,0.10979603,0.56826252,0.43173748,63213464.55476283,56284196.6712341,0.89038304,1236979.0,1236979.0,2772519.9338691,0.18117629,0.19031839,0.74917197,0.25082803,0.46785354,0.53214646,15311559.05092487,15586135.08151736,1.0179326,1541143.0,1541143.0,0.17737958,0.77700642,0.22299358,0.48767051,0.51232949,24765604.21015365,23618410.5480777,0.95367795,1546072.0,1546072.0,1307127.07866447,0.21834419,0.22753124,0.68633285,0.31366715,0.53309807,0.46690193,5560724.90319918,5693181.46624264,1.02382002,3087215.0,3087215.0,2948612.36568956,0.19453199,0.20249545,0.73159725,0.26840275,0.51042056,0.48957944,15147833.30188224,14641486.46916969,0.96657299,0.00614338,composite_within25_low_falsepeak,0.60989145
24,0.00898623,0.00613445,776827.76471651,35233302.50497138,0.37673731,0.52937331,-7546.51827485,0.76708256,0.38647684,0.4440481,0.5559519,0.50771899,0.49054682,1921433.85336243,1913887.34447701,259475679.0,257441061.0,0.00853311,456876.60883549,20483492.92334828,0.28555433,0.4377194,-34222.12707358,0.58598516,0.29505395,0.59063885,0.40936115,0.52636579,0.47254876,2177059.09901951,2142837.01352126,30917997.0,30696010.0,12221657.49994701,0.12774802,4625123.25253918,0.17038788,0.15317255,314192.0,1550765.0,10113.0,304164.0,304164.0,0.1244143,0.89122644,0.10877356,0.57602806,0.42397194,63213464.55476283,55229766.60705082,0.87370257,1236979.0,1236979.0,2757191.59697014,0.1808727,0.18976938,0.7502116,0.2497884,0.47115351,0.52884649,15311559.05092487,15436262.12431189,1.00814437,1541143.0,1541143.0,0.17687073,0.77804266,0.22195734,0.49185183,0.50814817,24765604.21015365,23290011.95439007,0.94041768,1546072.0,1546072.0,1305475.59332609,0.21812323,0.22700159,0.6870398,0.3129602,0.53542914,0.46457086,5560724.90319918,5641969.69909154,1.01461047,3087215.0,3087215.0,2962649.35294186,0.19429366,0.20197618,0.73246858,0.26753142,0.51367527,0.48632473,15147833.30188224,14451902.47555915,0.9540574,0.00613445,composite_within25_low_falsepeak,0.60958262
25,0.00897861,0.00613497,773585.66801193,34698352.07341166,0.37657383,0.52915089,-11170.09882291,0.76249769,0.38633083,0.44414733,0.55585267,0.50773881,0.49053026,1921433.8583096,1910263.75712381,259475679.0,257441061.0,0.0085275,454856.53254832,19956554.93319722,0.28543051,0.43774138,-22481.41339749,0.58693983,0.29491241,0.59071042,0.40928958,0.52474395,0.4741422,2177059.09901951,2154577.67294392,30917997.0,30696010.0,12010273.63494257,0.12810608,4585529.85392589,0.17057628,0.15232856,314192.0,1550765.0,10113.0,304164.0,304164.0,0.12516334,0.8898226,0.1101774,0.56887403,0.43112597,63213464.55476283,55818218.64413758,0.88301154,1236979.0,1236979.0,2759840.19197344,0.18101938,0.19031808,0.74929324,0.25070676,0.46776542,0.53223377,15311559.05092487,15461544.69278568,1.00979558,1541143.0,1541143.0,0.17745897,0.77702848,0.22297152,0.48772048,0.51227887,24765604.21015365,23426443.08983899,0.94592657,1546072.0,1546072.0,1296517.93690768,0.21818605,0.22762279,0.68658122,0.31341878,0.53214275,0.46785725,5560724.90319918,5655775.57165362,1.01709322,3087215.0,3087215.0,2938398.30812981,0.19441917,0.20258093,0.73173265,0.26826735,0.50996707,0.4900326,15147833.30188224,14526923.10523116,0.95900997,0.00613497,composite_within25_low_falsepeak,0.60940598
26,0.00897174,0.00612963,774859.72982259,34651050.80404891,0.37642083,0.5289461,-11621.4633008,0.75641498,0.38617681,0.44433234,0.55566766,0.50775034,0.4905102,1921433.85551611,1909812.39811144,259475679.0,257441061.0,0.00852093,452060.58270619,19830384.82550042,0.2853538,0.4375498,-35472.55930118,0.58615201,0.29484928,0.59079871,0.40920129,0.52539937,0.47348151,2177059.09901951,2141586.53126668,30917997.0,30696010.0,11968771.5158001,0.12800549,4543593.76722136,0.17041647,0.15157768,314192.0,1550765.0,10113.0,304164.0,304164.0,0.12481913,0.89059521,0.10940479,0.57296722,0.42703278,63213464.55476283,55561436.43168151,0.8789494,1236979.0,1236979.0,2717797.44554506,0.18084502,0.1897582,0.75017603,0.24982397,0.47010661,0.52989259,15311559.05092487,15344043.74507598,1.00212158,1541143.0,1541143.0,0.17694165,0.77788953,0.22211047,0.49040744,0.50959191,24765604.21015365,23281453.03218268,0.94007208,1546072.0,1546072.0,1295978.90121278,0.2178098,0.22684937,0.6872429,0.3127571,0.53348033,0.46651967,5560724.90319918,5614113.66336994,1.00960104,3087215.0,3087215.0,2917193.80834798,0.19415097,0.20193535,0.73249385,0.26750615,0.51197827,0.4880214,15147833.30188224,14433679.7803123,0.95285441,0.00612963,composite_within25_low_falsepeak,0.60916486
27,0.0089647,0.00612535,777380.68837109,35620436.72037799,0.37626874,0.52873904,-9517.80192057,0.75509766,0.38604181,0.44444769,0.55555231,0.50771849,0.49054533,1921433.85442411,1911916.04761441,259475679.0,257441061.0,0.00851499,455363.16127192,20229452.3890379,0.28509513,0.43739935,-25165.13588321,0.58659149,0.2945804,0.5911597,0.4088403,0.52378102,0.47510128,2177059.09901951,2151893.96977993,30917997.0,30696010.0,12080991.06792476,0.1276811,4602446.3703248,0.17052737,0.14982937,314192.0,1550765.0,10113.0,304164.0,304164.0,0.12469721,0.89035849,0.10964151,0.5661814,0.4338186,63213464.55476283,55617397.24144247,0.87983466,1236979.0,1236979.0,2763527.46648979,0.18106295,0.19046751,0.74897634,0.25102366,0.46547435,0.53452565,15311559.05092487,15456300.24507135,1.00945307,1541143.0,1541143.0,0.17748691,0.77687989,0.22312011,0.48535016,0.51464984,24765604.21015365,23382598.74857778,0.9441562,1546072.0,1546072.0,1297192.33694358,0.21775311,0.22736305,0.68686775,0.31313225,0.53045654,0.46954346,5560724.90319918,5659367.87726666,1.01773923,3087215.0,3087215.0,2947180.80908212,0.19417794,0.2024648,0.73180196,0.26819804,0.50793936,0.49206064,15147833.30188224,14506835.10629476,0.95768384,0.00612535,composite_within25_low_falsepeak,0.6084785
28,0.00895871,0.0061175,777447.41967937,35224593.57310329,0.37612027,0.52856214,-12191.83260619,0.75845589,0.38590321,0.4446415,0.5553585,0.50774464,0.49052084,1921433.8596011,1909242.02534119,259475679.0,257441061.0,0.00850933,456661.0559379,20797072.78460234,0.28496938,0.43711591,-66348.34666598,0.58518603,0.29449383,0.59158037,0.40841963,0.52533296,0.47358524,2177059.09901951,2110710.72846347,30917997.0,30696010.0,12557287.83409483,0.12827092,4663834.31493287,0.1702814,0.15504241,314192.0,1550765.0,10113.0,304164.0,304164.0,0.12467412,0.89118042,0.10881958,0.58142976,0.41857024,63213464.55476283,54230491.55192763,0.85789463,1236979.0,1236979.0,2722892.42200784,0.18061147,0.18929974,0.75100386,0.24899614,0.47328047,0.52671953,15311559.05092487,15121354.27894346,0.9875777,1541143.0,1541143.0,0.17654506,0.77866947,0.22133053,0.49462509,0.50537491,24765604.21015365,22840035.49861024,0.92224826,1546072.0,1546072.0,1291625.79481746,0.21767192,0.22646726,0.68777069,0.31222931,0.53556303,0.46443697,5560724.90319918,5546718.98881534,0.99748128,3087215.0,3087215.0,2975038.06083882,0.19401449,0.20154602,0.73314751,0.26685249,0.51512674,0.48487326,15147833.30188224,14179572.35456973,0.93607924,0.0061175,composite_within25_low_falsepeak,0.60858475
29,0.00895272,0.00611987,775965.27595874,34916139.38578577,0.3759694,0.52838847,-11232.66255431,0.75451502,0.38576518,0.44481536,0.55518464,0.50770628,0.49055824,1921433.86579492,1910201.19185494,259475679.0,257441061.0,0.00850485,458909.03923163,21063773.08908868,0.28500807,0.43720416,-44654.56147256,0.58580989,0.29450264,0.59126043,0.40873957,0.52422591,0.47462919,2177059.09901951,2132404.55809487,30917997.0,30696010.0,12612332.30907103,0.12755416,4682844.35407377,0.1701985,0.15006998,314192.0,1550765.0,10113.0,304164.0,304164.0,0.12454293,0.89091411,0.10908589,0.5679469,0.4320531,63213464.55476283,54470392.49967559,0.86168972,1236979.0,1236979.0,2733041.84548328,0.18068443,0.19003042,0.74985832,0.25014168,0.46554954,0.53444966,15311559.05092487,15233337.2412706,0.99489132,1541143.0,1541143.0,0.17710564,0.77769746,0.22230254,0.48575895,0.5142404,24765604.21015365,22977264.8205891,0.92778939,1546072.0,1546072.0,1285849.57972559,0.21747992,0.2269661,0.68754237,0.31245763,0.53004,0.46996,5560724.90319918,5617929.92784341,1.01028733,3087215.0,3087215.0,2981635.16259878,0.19387695,0.20207567,0.73254794,0.26745206,0.50793482,0.49206485,15147833.30188224,14283739.47164544,0.94295595,0.00611987,composite_within25_low_falsepeak,0.6082903
30,0.00894672,0.0061116,775070.01750348,35306279.07978227,0.37584546,0.52820768,-14192.29570168,0.75754744,0.38565263,0.44490412,0.55509588,0.50766159,0.4906013,1921433.85866607,1907241.56046836,259475679.0,257441061.0,0.00849815,455422.59271476,20606565.69093573,0.28502531,0.43690287,-48580.67884756,0.58356685,0.29455307,0.59145729,0.40854271,0.52797971,0.47088882,2177059.09901951,2128478.39449498,30917997.0,30696010.0,12367670.98609291,0.12781087,4622676.7733172,0.17028144,0.15205131,314192.0,1550765.0,10113.0,304164.0,304164.0,0.12458074,0.89077274,0.10922726,0.57276995,0.42723005,63213464.55476283,54838660.1416231,0.8675155,1236979.0,1236979.0,2718239.84315031,0.18072464,0.18961603,0.75060531,0.24939469,0.47091907,0.52908012,15311559.05092487,15260230.87877437,0.99664775,1541143.0,1541143.0,0.1767805,0.77826912,0.22173088,0.49102063,0.50897873,24765604.21015365,23071532.87240797,0.9315958,1546072.0,1546072.0,1295851.16460901,0.2178711,0.22665478,0.68751067,0.31248933,0.53627063,0.46372937,5560724.90319918,5598725.10217514,1.00683368,3087215.0,3087215.0,2956608.15938343,0.19411426,0.20175745,0.73281744,0.26718256,0.51368175,0.48631793,15147833.30188224,14321180.60701959,0.94542766,0.0061116,composite_within25_low_falsepeak,0.60838285
31,0.00893906,0.00611316,775498.63473495,34995781.4123726,0.37567105,0.52798144,-10283.17244438,0.75771146,0.38548618,0.44509185,0.55490815,0.50771961,0.49054028,1921433.8539649,1911150.68269584,259475679.0,257441061.0,0.0084909,455336.82996589,20355687.49219111,0.28485606,0.43696179,-27370.46857282,0.58513675,0.29434866,0.59159376,0.40840624,0.52449973,0.47437814,2177059.09901951,2149688.62637255,30917997.0,30696010.0,12164776.46473749,0.12759469,4602230.35614818,0.17017843,0.15198231,314192.0,1550765.0,10113.0,304164.0,304164.0,0.12459853,0.89139083,0.10860917,0.56949869,0.43050131,63213464.55476283,55598052.05744506,0.87952863,1236979.0,1236979.0,2742656.1512524,0.18064945,0.18980759,0.75033691,0.24966309,0.46731594,0.53268406,15311559.05092487,15432223.61120823,1.00788062,1541143.0,1541143.0,0.17693776,0.77817568,0.22182432,0.48748299,0.51251701,24765604.21015365,23359456.27628041,0.94322174,1546072.0,1546072.0,1296837.8570223,0.21753444,0.22681712,0.68785024,0.31214976,0.53205478,0.46794522,5560724.90319918,5650148.30125687,1.01608125,3087215.0,3087215.0,2946895.45124605,0.19389424,0.20191726,0.73294085,0.26705915,0.50980447,0.49019553,15147833.30188224,14490665.19296581,0.95661636,0.00611316,composite_within25_low_falsepeak,0.6080943
32,0.00893248,0.00610521,778966.16484991,35357403.4112033,0.37551582,0.52779014,-11184.13134245,0.75353521,0.38533388,0.4452709,0.5547291,0.50765224,0.49061135,1921433.85467878,1910249.72279201,259475679.0,257441061.0,0.00848628,454590.79891612,20287792.24055723,0.28469618,0.436676,-52252.15761113,0.58402958,0.29422743,0.59183611,0.40816389,0.52491725,0.47398119,2177059.09901951,2124806.93777532,30917997.0,30696010.0,12329384.10213044,0.12801225,4615105.26506579,0.17014659,0.15296211,314192.0,1550765.0,10113.0,304164.0,304164.0,0.12473008,0.89050973,0.10949027,0.57468339,0.42531661,63213464.55476283,54798152.69024482,0.86687469,1236979.0,1236979.0,2718221.04429793,0.18050711,0.18936838,0.75132076,0.24867924,0.47182612,0.52817388,15311559.05092487,15204860.82533852,0.99303152,1541143.0,1541143.0,0.17661119,0.77879146,0.22120854,0.4921263,0.5078737,24765604.21015365,23019096.15241418,0.92947848,1546072.0,1546072.0,1290487.27765229,0.21735423,0.22628106,0.68830753,0.31169247,0.53446476,0.46553524,5560724.90319918,5582371.10579646,1.00389269,3087215.0,3087215.0,2950142.26144945,0.19378809,0.20148578,0.73347726,0.26652274,0.51332933,0.48667067,15147833.30188224,14286814.09816158,0.94315892,0.00610521,composite_within25_low_falsepeak,0.60790748
33,0.00892758,0.00610067,778354.0446363,34741656.1507732,0.37540189,0.52764597,-8168.81148703,0.75571295,0.38523531,0.4453353,0.5546647,0.50766694,0.49059452,1921433.85346395,1913265.04645329,259475679.0,257441061.0,0.00848242,449986.6868925,19617588.66898869,0.28465792,0.43651254,-33824.3193484,0.58338125,0.29419063,0.59185653,0.40814347,0.52583406,0.47303032,2177059.09901951,2143234.78300547,30917997.0,30696010.0,11845292.03276833,0.12761688,4523104.03493508,0.17010272,0.15420315,314192.0,1550765.0,10113.0,304164.0,304164.0,0.12422609,0.89196618,0.10803382,0.57660999,0.42338673,63213464.55476283,55616130.22635438,0.87981462,1236979.0,1236979.0,2722632.09691049,0.18054967,0.18944634,0.7508931,0.2491069,0.46972099,0.53027901,15311559.05092487,15368917.08321184,1.00374606,1541143.0,1541143.0,0.17657431,0.77873565,0.22126435,0.49081688,0.50918247,24765604.21015365,23312211.97478251,0.94131408,1546072.0,1546072.0,1287478.14286601,0.21737618,0.22627114,0.68811802,0.31188198,0.53357088,0.46642912,5560724.90319918,5622502.14702366,1.01110957,3087215.0,3087215.0,2902708.11881358,0.19377719,0.2014624,0.7333545,0.2666455,0.51222801,0.48777166,15147833.30188224,14453235.6121972,0.95414541,0.00610067,composite_within25_low_falsepeak,0.60793852
34,0.00891928,0.00610013,774964.55082716,34750889.97518317,0.37522103,0.52739824,-8569.89760837,0.75318383,0.38506647,0.44553068,0.55446932,0.5076552,0.49060884,1921433.85379121,1912863.95119052,259475679.0,257441061.0,0.00847357,458023.26865809,20896039.63947595,0.2844955,0.43649686,-39283.01228679,0.5843889,0.29402506,0.59206148,0.40793852,0.5239603,0.47492297,2177059.09901951,2137776.08740009,30917997.0,30696010.0,12545350.43767477,0.12784371,4673901.70213104,0.17030258,0.15047798,314192.0,1550765.0,10113.0,304164.0,304164.0,0.12513249,0.88889546,0.11110454,0.56219342,0.43780658,63213464.55476283,54982302.62441102,0.86978784,1236979.0,1236979.0,2738370.55003616,0.18074291,0.19012854,0.74985267,0.25014733,0.46615019,0.53384981,15311559.05092487,15354415.08556855,1.00279893,1541143.0,1541143.0,0.17730075,0.77729451,0.22270549,0.48510554,0.51489446,24765604.21015365,23175478.26016835,0.93579297,1546072.0,1546072.0,1293730.73452326,0.2173208,0.22663515,0.68818723,0.31181277,0.53210394,0.46789606,5560724.90319918,5621013.11241225,1.01084179,3087215.0,3087215.0,2981117.83595744,0.19384923,0.20200733,0.73266974,0.26733026,0.50864226,0.49135774,15147833.30188224,14384232.13415831,0.94959007,0.00610013,composite_within25_low_falsepeak,0.60732478
35,0.00891405,0.0060948,778838.90569671,35598855.1835252,0.37508661,0.52724294,-11460.77369751,0.75418719,0.38494145,0.44570897,0.55429103,0.50769502,0.49056769,1921433.86112971,1909973.08939399,259475679.0,257441061.0,0.00847068,455416.60059628,20822670.72964265,0.28428349,0.43630413,-65874.50852016,0.58391578,0.29381989,0.59242547,0.40757453,0.52274628,0.47616962,2177059.09901951,2111184.55774933,30917997.0,30696010.0,12545609.57417592,0.12832871,4660776.87160599,0.17046951,0.15080494,314192.0,1550765.0,10113.0,304164.0,304164.0,0.12518,0.88926697,0.11073303,0.56781868,0.43218132,63213464.55476283,54407272.21097862,0.86069119,1236979.0,1236979.0,2721954.71269214,0.18083162,0.18991918,0.74997797,0.25002203,0.46852857,0.53146981,15311559.05092487,15123715.44113343,0.98773191,1541143.0,1541143.0,0.17714208,0.77746841,0.22253159,0.48812472,0.51187398,24765604.21015365,22876820.70011928,0.9237336,1546072.0,1546072.0,1283439.85556501,0.21724888,0.22653896,0.68807015,0.31192985,0.53217638,0.46782362,5560724.90319918,5547382.78386188,0.99760065,3087215.0,3087215.0,2969412.22979035,0.19389654,0.20187995,0.73269792,0.26730208,0.51018572,0.48981363,15147833.30188224,14198267.70871124,0.93731344,0.0060948,composite_within25_low_falsepeak,0.60697021
36,0.00890877,0.00609227,777102.94957928,35042396.01374793,0.37496525,0.52708728,-14195.21345115,0.76214246,0.38483149,0.44585491,0.55414509,0.50769536,0.49056475,1921433.85685226,1907238.64827301,259475679.0,257441061.0,0.00846435,453994.99711885,20048606.24895276,0.28443646,0.43621289,-21471.02446252,0.58263752,0.2939745,0.59214468,0.40785532,0.52561419,0.47323066,2177059.09901951,2155588.09078785,30917997.0,30696010.0,12055382.17524967,0.12741263,4582712.73362899,0.1700969,0.15086266,314192.0,1550765.0,10113.0,304164.0,304164.0,0.12424593,0.89143028,0.10856972,0.57157323,0.42842677,63213464.55476283,55722622.19249198,0.88149926,1236979.0,1236979.0,2745238.57384932,0.18059265,0.18957637,0.75057378,0.24942622,0.46914054,0.53085865,15311559.05092487,15501839.32021594,1.01242723,1541143.0,1541143.0,0.17668259,0.77837358,0.22162642,0.48935693,0.51064243,24765604.21015365,23439917.94572252,0.94647067,1546072.0,1546072.0,1294156.75544084,0.21710213,0.22607474,0.68874218,0.31125782,0.53324425,0.46675511,5560724.90319918,5663331.75715174,1.01845206,3087215.0,3087215.0,2935809.53044291,0.19363704,0.2014181,0.73348633,0.26651367,0.51133562,0.48866373,15147833.30188224,14537433.98034736,0.95970385,0.00609227,composite_within25_low_falsepeak,0.60717549
37,0.00890216,0.00608385,775257.81067604,34866402.74224466,0.37481045,0.52689188,-12026.90574393,0.75352337,0.38468669,0.44597146,0.55402854,0.50768053,0.49058479,1921433.85118188,1909406.94422265,259475679.0,257441061.0,0.00845879,453641.04275633,20480580.31601317,0.28408435,0.4359132,-42904.65140982,0.58269712,0.29366321,0.59289849,0.40710151,0.52495629,0.47395606,2177059.09901951,2134154.46066358,30917997.0,30696010.0,12276887.32131693,0.12792808,4607354.5797501,0.16986168,0.15193946,314192.0,1550765.0,10113.0,304164.0,304164.0,0.12460912,0.89113439,0.10886561,0.57691246,0.42308754,63213464.55476283,54943462.15403552,0.8691734,1236979.0,1236979.0,2721473.12294753,0.18017284,0.18890182,0.75216071,0.24783929,0.47277035,0.52722884,15311559.05092487,15325963.06428052,1.00094073,1541143.0,1541143.0,0.17621285,0.77958892,0.22041108,0.49332411,0.50667524,24765604.21015365,23144975.80591779,0.93456132,1546072.0,1546072.0,1282187.74426809,0.21676257,0.22549902,0.6895979,0.3104021,0.53542914,0.46457086,5560724.90319918,5609830.90833608,1.00883086,3087215.0,3087215.0,2942116.73038743,0.19334957,0.20089528,0.73452157,0.26547843,0.51441024,0.48558944,15147833.30188224,14363405.22014426,0.94821516,0.00608385,composite_within25_low_falsepeak,0.60641469
38,0.00889618,0.00608489,776709.17339684,34902801.26710647,0.37468043,0.52671667,-11075.48830005,0.75856818,0.38457841,0.44609472,0.55390528,0.50768641,0.49058158,1921433.8518221,1910358.37446488,259475679.0,257441061.0,0.00845379,449409.07337162,19094687.99033141,0.28414427,0.43595077,4297.56380288,0.58270339,0.2937007,0.59262816,0.40737184,0.52525692,0.47359539,2177059.09901951,2181356.6668961,30917997.0,30696010.0,11455253.47943939,0.12719753,4480591.8518313,0.16980581,0.14885853,314192.0,1550765.0,10113.0,304164.0,304164.0,0.12423398,0.89181823,0.10818177,0.56948883,0.43051117,63213464.55476283,56954684.79058883,0.90098977,1236979.0,1236979.0,2765574.06708648,0.18028287,0.18948861,0.75095454,0.24904546,0.46729896,0.53270104,15311559.05092487,15687838.46456676,1.02457486,1541143.0,1541143.0,0.17660978,0.77875577,0.22124423,0.48746742,0.51253258,24765604.21015365,23832371.02709796,0.96231737,1546072.0,1546072.0,1292528.25849102,0.21673684,0.22583252,0.68909469,0.31090531,0.53259292,0.46740708,5560724.90319918,5713007.470207,1.02738538,3087215.0,3087215.0,2884015.07580068,0.19330879,0.20126045,0.73385365,0.26614635,0.51006619,0.48993381,15147833.30188224,14758224.7227277,0.97427958,0.00608489,composite_within25_low_falsepeak,0.60628936
39,0.00888968,0.00607757,775986.39203651,35252162.22732692,0.37452106,0.52652223,-12008.72410363,0.7539208,0.38442658,0.44627598,0.55372402,0.50764646,0.49062386,1921433.86029409,1909425.13087344,259475679.0,257441061.0,0.00844736,457444.59546855,21337504.87248173,0.28401609,0.43568589,-64773.18308526,0.58154508,0.29359564,0.59285555,0.40714445,0.52574218,0.47313741,2177059.09901951,2112285.89998761,30917997.0,30696010.0,12787654.1435038,0.12767282,4702913.11652007,0.16995162,0.15147638,314192.0,1550765.0,10113.0,304164.0,304164.0,0.12447145,0.89148946,0.10851054,0.57338475,0.42661525,63213464.55476283,53817581.2981575,0.85136263,1236979.0,1236979.0,2714935.08878196,0.18034766,0.18925038,0.75134986,0.24865014,0.47088107,0.52911893,15311559.05092487,15140167.0688518,0.98880637,1541143.0,1541143.0,0.17646545,0.77900818,0.22099182,0.49111147,0.50888853,24765604.21015365,22773642.4626813,0.91956741,1546072.0,1546072.0,1275533.26583568,0.21691521,0.22582201,0.68900219,0.31099781,0.53463293,0.46536707,5560724.90319918,5577346.39755847,1.00298909,3087215.0,3087215.0,2986487.14475093,0.1934709,0.20118313,0.73393333,0.26606667,0.51290694,0.48709306,15147833.30188224,14161766.68022783,0.93490378,0.00607757,composite_within25_low_falsepeak,0.60633609
40,0.00888376,0.00607427,776827.10507879,35155196.29681202,0.37436332,0.52634836,-12224.74269233,0.74733329,0.38427284,0.44646916,0.55353084,0.50768487,0.49058085,1921433.85480773,1909209.11430196,259475679.0,257441061.0,0.00844117,455487.75006009,20972053.86952922,0.2839442,0.4355667,-42992.08135894,0.58123752,0.29351934,0.59297459,0.40702541,0.5257818,0.47308912,2177059.09901951,2134067.02080922,30917997.0,30696010.0,12449553.50387995,0.12776842,4650215.44147408,0.17006693,0.15016367,314192.0,1550765.0,10113.0,304164.0,304164.0,0.1245354,0.89120014,0.10879986,0.57157652,0.42842348,63213464.55476283,54976595.86878113,0.86969756,1236979.0,1236979.0,2732415.79522977,0.18046782,0.18905543,0.75138543,0.24861457,0.47294416,0.52705584,15311559.05092487,15331922.53254301,1.00132994,1541143.0,1541143.0,0.17632159,0.77897963,0.22102037,0.4924105,0.5075895,24765604.21015365,23156298.63996898,0.93501852,1546072.0,1546072.0,1281056.75311863,0.21689721,0.22540943,0.68915096,0.31084904,0.53635083,0.46364917,5560724.90319918,5612149.03995927,1.00924774,3087215.0,3087215.0,2962946.52401439,0.19351945,0.2009047,0.73399358,0.26600642,0.51441574,0.48558426,15147833.30188224,14370218.5607731,0.94866495,0.00607427,composite_within25_low_falsepeak,0.60607894
41,0.00887797,0.00607659,777701.21031559,35478479.22148814,0.37424066,0.52617414,-10005.3697814,0.75805503,0.38416414,0.44657232,0.55342768,0.50764974,0.49061946,1921433.85612184,1911428.49260769,259475679.0,257441061.0,0.00843664,456881.27529739,21170401.97814943,0.28390629,0.4356519,-56836.65119433,0.58201615,0.29347293,0.59289175,0.40710825,0.52349627,0.47538519,2177059.09901951,2120222.43299005,30917997.0,30696010.0,12656828.40984077,0.12727637,4670992.63263037,0.17009015,0.15045131,314192.0,1550765.0,10113.0,304164.0,304164.0,0.12448798,0.89071356,0.10928644,0.56357097,0.43642903,63213464.55476283,54345255.89656152,0.85971013,1236979.0,1236979.0,2707334.57237775,0.18061774,0.1900674,0.7497694,0.2502306,0.46394159,0.5360568,15311559.05092487,15180363.69521851,0.99143161,1541143.0,1541143.0,0.17712447,0.77758651,0.22241349,0.4836047,0.516394,24765604.21015365,22910048.83678399,0.9250753,1546072.0,1546072.0,1285924.24943623,0.2169353,0.22621777,0.68842848,0.31157152,0.53093517,0.46906483,5560724.90319918,5586360.81194026,1.00461017,3087215.0,3087215.0,2975756.13907322,0.19355012,0.20171031,0.73293632,0.26706368,0.50730772,0.49269163,15147833.30188224,14234375.47839231,0.93969713,0.00607659,composite_within25_low_falsepeak,0.60609793
42,0.00887185,0.00606861,775772.7783643,34764036.41155171,0.37409516,0.52599518,-13722.18946004,0.75868278,0.38403226,0.44671841,0.55328159,0.50767558,0.49059497,1921433.85689668,1907711.6634005,259475679.0,257441061.0,0.00843113,456238.68894357,20729205.83171559,0.28368238,0.43536524,-34775.44932499,0.58129529,0.29328054,0.59334236,0.40665764,0.52423648,0.47467758,2177059.09901951,2142283.65973129,30917997.0,30696010.0,12375413.56862215,0.12765593,4650088.61510811,0.16995263,0.15222414,314192.0,1550765.0,10113.0,304164.0,304164.0,0.1245069,0.89088781,0.10911219,0.57077432,0.42922568,63213464.55476283,55041234.53894377,0.87072011,1236979.0,1236979.0,2750488.2615369,0.18035307,0.18945334,0.75099335,0.24900665,0.4703653,0.5296347,15311559.05092487,15468432.4353266,1.01024542,1541143.0,1541143.0,0.17663535,0.77860328,0.22139672,0.49018229,0.50981771,24765604.21015365,23278623.81053728,0.93995784,1546072.0,1546072.0,1292061.21525925,0.21666869,0.22565477,0.68935405,0.31064595,0.5338393,0.46616005,5560724.90319918,5644360.96088001,1.0150405,3087215.0,3087215.0,2968394.22258666,0.19334795,0.20118419,0.73390742,0.26609258,0.51204565,0.48795403,15147833.30188224,14447415.18177133,0.95376117,0.00606861,composite_within25_low_falsepeak,0.60575292
43,0.00886523,0.00607152,775430.05341039,35145733.08645137,0.37395046,0.52580051,-12981.17713796,0.74646392,0.38389707,0.44684785,0.55315215,0.50769712,0.4905741,1921433.86214918,1908452.67332895,259475679.0,257441061.0,0.00842401,456311.82434731,21224967.27779396,0.28372677,0.43547196,-46113.58549234,0.58193237,0.29329075,0.59307506,0.40692494,0.52295166,0.47589736,2177059.09901951,2130945.50923386,30917997.0,30696010.0,12589437.58811356,0.12699393,4664554.82413591,0.16964671,0.14982108,314192.0,1550765.0,10113.0,304164.0,304164.0,0.12390142,0.89236728,0.10763272,0.56741758,0.43258242,63213464.55476283,54432149.0808761,0.86108473,1236979.0,1236979.0,2715884.67492475,0.18013472,0.1893508,0.75091493,0.24908507,0.46438137,0.53561782,15311559.05092487,15302776.96848262,0.99942644,1541143.0,1541143.0,0.17643354,0.77883233,0.22116767,0.48471686,0.51528249,24765604.21015365,23025451.85379712,0.92973511,1546072.0,1546072.0,1279500.06463815,0.21649298,0.22573329,0.68910374,0.31089626,0.52970366,0.47029569,5560724.90319918,5620883.90407856,1.01081855,3087215.0,3087215.0,2969325.17458191,0.19310724,0.20112277,0.73389641,0.26610359,0.50724617,0.49275318,15147833.30188224,14309273.96644531,0.94464163,0.00607152,composite_within25_low_falsepeak,0.60564987
44,0.00885971,0.00606943,772547.27807092,34525760.60276943,0.37382075,0.52563231,-11809.20367105,0.74694615,0.38378095,0.44698649,0.55301351,0.50762601,0.49064557,1921433.85570343,1909624.65686726,259475679.0,257441061.0,0.00841799,453633.33597345,20624723.46767363,0.28356518,0.43539556,-46424.89987349,0.58210098,0.29312811,0.59341827,0.40658173,0.52144044,0.4774526,2177059.09901951,2130634.17701764,30917997.0,30696010.0,12339545.59377226,0.1279426,4622469.78412215,0.17019217,0.14897401,314192.0,1550765.0,10113.0,304164.0,304164.0,0.12533343,0.8892604,0.1107396,0.55977367,0.44022633,63213464.55476283,55194206.4512471,0.87314003,1236979.0,1236979.0,2724897.82281935,0.18058103,0.19013315,0.74995533,0.25004467,0.46449616,0.53550384,15311559.05092487,15291462.4352149,0.99868749,1541143.0,1541143.0,0.17734411,0.77744895,0.22255105,0.48330038,0.51669962,24765604.21015365,23166772.0638313,0.93544142,1546072.0,1546072.0,1283331.21596713,0.21664388,0.22620843,0.68892717,0.31107283,0.53027349,0.46972651,5560724.90319918,5583020.69749897,1.00400951,3087215.0,3087215.0,2950234.87369157,0.19345511,0.20181528,0.73311739,0.26688261,0.50682444,0.49317556,15147833.30188224,14360859.4056627,0.9480471,0.00606943,composite_within25_low_falsepeak,0.60533801
45,0.00885397,0.00606316,776201.9079708,35203612.98396913,0.3736854,0.52546485,-10244.28293022,0.75197452,0.38365228,0.44719129,0.55280871,0.50765968,0.49061338,1921433.85780307,1911189.57200766,259475679.0,257441061.0,0.00841395,453335.69495316,19937530.90638358,0.28340653,0.43517237,-12490.60854174,0.58181633,0.29298815,0.59360334,0.40639666,0.52185745,0.47702553,2177059.09901951,2164568.47984363,30917997.0,30696010.0,11884005.29973582,0.12722439,4574993.40615868,0.16980449,0.14837575,314192.0,1550765.0,10113.0,304164.0,304164.0,0.12464015,0.89029274,0.10970726,0.56020436,0.43979564,63213464.55476283,56531991.36350264,0.89430301,1236979.0,1236979.0,2777761.38985674,0.18027462,0.18985692,0.75045413,0.24954587,0.4625511,0.5374489,15311559.05092487,15607066.81756902,1.01929965,1541143.0,1541143.0,0.17698557,0.77805304,0.22194696,0.4818242,0.5181758,24765604.21015365,23684116.6420102,0.95633106,1546072.0,1546072.0,1303040.31219678,0.21638146,0.22596546,0.68928485,0.31071515,0.52915647,0.47084353,5560724.90319918,5662403.22498249,1.01828508,3087215.0,3087215.0,2936404.8929406,0.19313016,0.20151462,0.73359808,0.26640192,0.50552812,0.49447188,15147833.30188224,14658873.32453793,0.9677208,0.00606316,composite_within25_low_falsepeak,0.60487324
46,0.00885021,0.0060613,775147.76179398,34981352.38398446,0.37358223,0.52535366,-11300.61470696,0.74955268,0.38355431,0.44726323,0.55273677,0.50769547,0.49058006,1921433.85793565,1910133.24485518,259475679.0,257441061.0,0.00840929,457423.02320255,21699305.97941557,0.28334848,0.43510596,-53264.2880343,0.58148159,0.29293393,0.59353965,0.40646035,0.52083183,0.47803614,2177059.09901951,2123794.80908114,30917997.0,30696010.0,12763825.02309842,0.12698095,4699994.66544369,0.16980981,0.14910927,314192.0,1550765.0,10113.0,304164.0,304164.0,0.12437112,0.89082863,0.10917137,0.55940874,0.44059126,63213464.55476283,54025019.27433684,0.85464418,1236979.0,1236979.0,2717158.36906303,0.18034111,0.19031673,0.74982033,0.25017967,0.45950659,0.54049341,15311559.05092487,15267853.03327037,0.99714555,1541143.0,1541143.0,0.17730153,0.77765009,0.22234991,0.47922354,0.52077646,24765604.21015365,22917068.36046547,0.92535874,1546072.0,1546072.0,1276247.15944142,0.21625922,0.2261976,0.68922534,0.31077466,0.52667987,0.47332013,5560724.90319918,5601703.05219323,1.00736921,3087215.0,3087215.0,2985387.80104397,0.1930716,0.2017886,0.73336713,0.26663287,0.50298959,0.49701041,15147833.30188224,14245562.99509145,0.94043569,0.0060613,composite_within25_low_falsepeak,0.60492756
47,0.00884304,0.00605396,773975.99511249,34990287.14410144,0.3734364,0.52514035,-13907.40312974,0.75449635,0.38341639,0.44738291,0.55261709,0.50767038,0.49060209,1921433.860129,1907526.45832493,259475679.0,257441061.0,0.00840211,452353.793586,20077120.74527888,0.28344555,0.4348392,-9855.35585758,0.57956129,0.29305301,0.5936353,0.4063647,0.52591217,0.47293015,2177059.09901951,2167203.74452939,30917997.0,30696010.0,11928863.56688942,0.12672683,4567845.73911069,0.16962671,0.14526879,314192.0,1550765.0,10113.0,304164.0,304164.0,0.12429653,0.89125932,0.10874068,0.55755448,0.44244552,63213464.55476283,56305904.75937726,0.89072645,1236979.0,1236979.0,2757825.82881955,0.18017548,0.18963674,0.75090523,0.24909477,0.46398443,0.53601557,15311559.05092487,15629485.71734243,1.02076383,1541143.0,1541143.0,0.17674103,0.77860588,0.22139412,0.48245166,0.51754834,24765604.21015365,23657489.7694964,0.95525591,1546072.0,1546072.0,1290226.09437236,0.21645482,0.22562771,0.68959919,0.31040081,0.53212852,0.46787084,5560724.90319918,5682828.51857581,1.02195822,3087215.0,3087215.0,2926419.42779346,0.19307815,0.20122339,0.73403148,0.26596852,0.50732975,0.49266993,15147833.30188224,14655810.05613548,0.96751857,0.00605396,composite_within25_low_falsepeak,0.60449177
48,0.00883822,0.00605438,774651.78326148,34805505.39248922,0.37332254,0.52499624,-10932.41887829,0.75090281,0.38330861,0.44750952,0.55249048,0.50766702,0.49060486,1921433.86125067,1910501.44174113,259475679.0,257441061.0,0.00839801,457728.34994626,21067119.42287416,0.28334653,0.4348565,-33442.27477036,0.58023357,0.29296538,0.59360816,0.40639184,0.52366225,0.47519909,2177059.09901951,2143616.83457931,30917997.0,30696010.0,12608891.67196818,0.12774314,4681853.91299237,0.1698456,0.15183406,314192.0,1550765.0,10113.0,304164.0,304164.0,0.12493272,0.88976342,0.11023658,0.56490577,0.43509423,63213464.55476283,54864254.63585304,0.86792039,1236979.0,1236979.0,2732653.89742221,0.18019828,0.18952308,0.75098688,0.24901312,0.46578398,0.53421602,15311559.05092487,15388313.23486483,1.00501283,1541143.0,1541143.0,0.17677536,0.77837618,0.22162382,0.48534691,0.51465309,24765604.21015365,23179387.87431025,0.93595083,1546072.0,1546072.0,1281481.37336161,0.21642862,0.22567028,0.68947824,0.31052176,0.53127021,0.46872979,5560724.90319918,5651088.43545463,1.01625032,3087215.0,3087215.0,2978953.14818134,0.1931743,0.20126185,0.73385624,0.26614376,0.50834522,0.49165478,15147833.30188224,14401245.4640977,0.95071323,0.00605438,composite_within25_low_falsepeak,0.60522526
49,0.00883094,0.00604418,776270.68137072,34913644.88720577,0.37315283,0.52478097,-9790.05569243,0.7488329,0.38316134,0.44768983,0.55231017,0.50766734,0.49060953,1921433.85072748,1911643.80352902,259475679.0,257441061.0,0.00839238,453449.69005589,20973427.29766304,0.28303356,0.43448994,-52751.55573749,0.57926629,0.29268074,0.59428949,0.40571051,0.52449795,0.47437556,2177059.09901951,2124307.54585516,30917997.0,30696010.0,12484499.03801766,0.1274289,4635376.95026199,0.16937912,0.14939592,314192.0,1550765.0,10113.0,304164.0,304164.0,0.12446396,0.8915848,0.1084152,0.56791073,0.43208927,63213464.55476283,54430538.30373798,0.86105925,1236979.0,1236979.0,2705335.851418,0.17969437,0.18855104,0.75292386,0.24707614,0.46970401,0.53029599,15311559.05092487,15231654.1844714,0.9947814,1541143.0,1541143.0,0.17590265,0.78029034,0.21970966,0.48908635,0.51091365,24765604.21015365,22968048.11730162,0.92741723,1546072.0,1546072.0,1270397.61151452,0.21593279,0.22470674,0.69095165,0.30904835,0.53398031,0.46601905,5560724.90319918,5592051.24593978,1.0056335,3087215.0,3087215.0,2950201.07087078,0.19269312,0.20034365,0.73554968,0.26445032,0.51156917,0.48843051,15147833.30188224,14266178.57912011,0.94179664,0.00604418,composite_within25_low_falsepeak,0.60408461
50,0.00882591,0.00604695,777361.81848122,35269007.88795321,0.37302663,0.52463247,-10168.15389834,0.74865543,0.38305427,0.44784532,0.55215468,0.50767612,0.49060668,1921433.85547982,1911265.70500182,259475679.0,257441061.0,0.00838722,459882.90283721,21725637.57236871,0.28313786,0.4345893,-47438.36657937,0.57956708,0.29278768,0.59387516,0.40612484,0.52309204,0.47578144,2177059.09901951,2129620.73589577,30917997.0,30696010.0,12969402.00424615,0.12733578,4745950.47590444,0.1697781,0.1497653,314192.0,1550765.0,10113.0,304164.0,304164.0,0.12452428,0.88996725,0.11003275,0.56156547,0.43843453,63213464.55476283,54076582.94797898,0.85545988,1236979.0,1236979.0,2723864.45821773,0.18021436,0.18967273,0.7506716,0.2493284,0.46327626,0.53672374,15311559.05092487,15328919.71918308,1.00113383,1541143.0,1541143.0,0.17681487,0.77816335,0.22183665,0.48267487,0.51732513,24765604.21015365,22976259.57408942,0.9277488,1546072.0,1546072.0,1277340.17782889,0.21618641,0.22547553,0.68965934,0.31034066,0.53002253,0.46997747,5560724.90319918,5625723.7165758,1.01168891,3087215.0,3087215.0,3008876.3502444,0.1930193,0.20118404,0.73384069,0.26615931,0.5063865,0.4936135,15147833.30188224,14287140.79874494,0.94318049,0.00604695,composite_within25_low_falsepeak,0.60458698
