bin_index,left_log1p,right_log1p,left_raw,right_raw,left_raw_approx,right_raw_approx,stress_range_approx
0,0.0,0.24,0.0,0.2712491503214047,0,0.271249,0 - 0.271249
1,0.24,0.48,0.2712491503214047,0.6160744021928933,0.271249,0.616074,0.271249 - 0.616074
2,0.48,0.72,0.6160744021928933,1.0544332106438876,0.616074,1.05443,0.616074 - 1.05443
3,0.72,0.96,1.0544332106438876,1.6116964734231176,1.05443,1.6117,1.05443 - 1.6117
4,0.96,1.2,1.6116964734231176,2.3201169227365472,1.6117,2.32012,1.6117 - 2.32012
5,1.2,1.44,2.3201169227365472,3.2206958169965527,2.32012,3.2207,2.32012 - 3.2207
6,1.44,1.68,3.2206958169965527,4.365555971121975,3.2207,4.36556,3.2207 - 4.36556
7,1.68,1.92,4.365555971121975,5.820958469290749,4.36556,5.82096,4.36556 - 5.82096
8,1.92,2.16,5.820958469290749,7.671137658463456,5.82096,7.67114,5.82096 - 7.67114
9,2.16,2.4,7.671137658463456,10.0231763806416,7.67114,10.0232,7.67114 - 10.0232
10,2.4,2.64,10.0231763806416,13.013203607733608,10.0232,13.0132,10.0232 - 13.0132
11,2.64,2.88,13.013203607733608,16.814273179612197,13.0132,16.8143,13.0132 - 16.8143
12,2.88,3.12,16.814273179612197,21.6463796431754,16.8143,21.6464,16.8143 - 21.6464
13,3.12,3.36,21.6463796431754,27.789190879242675,21.6464,27.7892,21.6464 - 27.7892
14,3.36,3.6,27.789190879242675,35.598234443677974,27.7892,35.5982,27.7892 - 35.5982
15,3.6,3.84,35.598234443677974,45.5254744397892,35.5982,45.5255,35.5982 - 45.5255
16,3.84,4.08,45.5254744397892,58.14546984988227,45.5255,58.1455,45.5255 - 58.1455
17,4.08,4.32,58.14546984988227,74.18862829202311,58.1455,74.1886,58.1455 - 74.1886
18,4.32,4.56,74.18862829202311,94.58347983006624,74.1886,94.5835,74.1886 - 94.5835
19,4.56,4.8,94.58347983006624,120.51041751873484,94.5835,120.51,94.5835 - 120.51
20,4.8,5.04,120.51041751873484,153.47001502589086,120.51,153.47,120.51 - 153.47
21,5.04,5.279999999999999,153.47001502589086,195.3698753517982,153.47,195.37,153.47 - 195.37
22,5.279999999999999,5.52,195.3698753517982,248.6350371896937,195.37,248.635,195.37 - 248.635
23,5.52,5.76,248.6350371896937,316.34832891785044,248.635,316.348,248.635 - 316.348
24,5.76,6.0,316.34832891785044,402.4287934927351,316.348,402.429,316.348 - 402.429
25,6.0,6.24,402.4287934927351,511.858510942829,402.429,511.859,402.429 - 511.859
26,6.24,6.48,511.858510942829,650.9709462711719,511.859,650.971,511.859 - 650.971
27,6.48,6.72,650.9709462711719,827.8175114814695,650.971,827.818,650.971 - 827.818
28,6.72,6.96,827.8175114814695,1052.6335572423195,827.818,1052.63,827.818 - 1052.63
29,6.96,7.199999999999999,1052.6335572423195,1338.4307643944169,1052.63,1338.43,1052.63 - 1338.43
30,7.199999999999999,7.439999999999999,1338.4307643944169,1701.7502211507524,1338.43,1701.75,1338.43 - 1701.75
31,7.439999999999999,7.68,1701.7502211507524,2163.619771847478,1701.75,2163.62,1701.75 - 2163.62
32,7.68,7.92,2163.619771847478,2750.7710457300204,2163.62,2750.77,2163.62 - 2750.77
33,7.92,8.16,2750.7710457300204,3497.186603763332,2750.77,3497.19,2750.77 - 3497.19
34,8.16,8.4,3497.186603763332,4446.066747699858,3497.19,4446.07,3497.19 - 4446.07
35,8.4,8.64,4446.066747699858,5652.329824436018,4446.07,5652.33,4446.07 - 5652.33
36,8.64,8.879999999999999,5652.329824436018,7185.790735800932,5652.33,7185.79,5652.33 - 7185.79
37,8.879999999999999,9.12,7185.790735800932,9135.20161642468,7185.79,9135.2,7185.79 - 9135.2
38,9.12,9.36,9135.20161642468,11613.38854204492,9135.2,11613.4,9135.2 - 11613.4
39,9.36,9.6,11613.38854204492,14763.781565577268,11613.4,14763.8,11613.4 - 14763.8
40,9.6,9.84,14763.781565577268,18768.716019921245,14763.8,18768.7,14763.8 - 18768.7
41,9.84,10.08,18768.716019921245,23859.985542098944,18768.7,23860,18768.7 - 23860
42,10.08,10.32,23859.985542098944,30332.25759622461,23860,30332.3,23860 - 30332.3
43,10.32,10.56,30332.25759622461,38560.127945680775,30332.3,38560.1,30332.3 - 38560.1
44,10.56,10.8,38560.127945680775,49019.80113638167,38560.1,49019.8,38560.1 - 49019.8
45,10.8,11.04,49019.80113638167,62316.65179269976,49019.8,62316.7,49019.8 - 62316.7
46,11.04,11.28,62316.65179269976,79220.26189149474,62316.7,79220.3,62316.7 - 79220.3
47,11.28,11.52,79220.26189149474,100708.9618669522,79220.3,100709,79220.3 - 100709
48,11.52,11.76,100708.9618669522,128026.45345226408,100709,128026,100709 - 128026
49,11.76,12.0,128026.45345226408,162753.79141900392,128026,162754,128026 - 162754
50,12.0,12.24,162753.79141900392,206900.89030214623,162754,206901,162754 - 206901
51,12.24,12.48,206900.89030214623,263022.85224649595,206901,263023,206901 - 263023
52,12.48,12.72,263022.85224649595,334367.8486826201,263023,334368,263023 - 334368
53,12.72,12.96,334367.8486826201,425065.11478172726,334368,425065,334368 - 425065
54,12.96,13.2,425065.11478172726,540363.9372466916,425065,540364,425065 - 540364
55,13.2,13.44,540363.9372466916,686937.4673383359,540364,686937,540364 - 686937
56,13.44,13.68,686937.4673383359,873268.9429269477,686937,873269,686937 - 873269
57,13.68,13.92,873268.9429269477,1110142.672947104,873269,1.11014e+06,873269 - 1.11014e+06
58,13.92,14.16,1110142.672947104,1411268.2009686898,1.11014e+06,1.41127e+06,1.11014e+06 - 1.41127e+06
59,14.16,14.4,1411268.2009686898,1794073.772606212,1.41127e+06,1.79407e+06,1.41127e+06 - 1.79407e+06
60,14.4,14.64,1794073.772606212,2280715.030288715,1.79407e+06,2.28072e+06,1.79407e+06 - 2.28072e+06
61,14.64,14.88,2280715.030288715,2899357.315628936,2.28072e+06,2.89936e+06,2.28072e+06 - 2.89936e+06
62,14.88,15.12,2899357.315628936,3685805.795220585,2.89936e+06,3.68581e+06,2.89936e+06 - 3.68581e+06
63,15.12,15.36,3685805.795220585,4685577.75667303,3.68581e+06,4.68558e+06,3.68581e+06 - 4.68558e+06
64,15.36,15.6,4685577.75667303,5956537.013184614,4.68558e+06,5.95654e+06,4.68558e+06 - 5.95654e+06
65,15.6,15.84,5956537.013184614,7572242.88811809,5.95654e+06,7.57224e+06,5.95654e+06 - 7.57224e+06
66,15.84,16.08,7572242.88811809,9626207.608796556,7.57224e+06,9.62621e+06,7.57224e+06 - 9.62621e+06
67,16.08,16.32,9626207.608796556,12237308.514749238,9.62621e+06,1.22373e+07,9.62621e+06 - 1.22373e+07
68,16.32,16.56,12237308.514749238,15556668.322844986,1.22373e+07,1.55567e+07,1.22373e+07 - 1.55567e+07
69,16.56,16.8,15556668.322844986,19776401.658497788,1.55567e+07,1.97764e+07,1.55567e+07 - 1.97764e+07
70,16.8,17.04,19776401.658497788,25140734.076029245,1.97764e+07,2.51407e+07,1.97764e+07 - 2.51407e+07
71,17.04,17.28,25140734.076029245,31960137.103857774,2.51407e+07,3.19601e+07,2.51407e+07 - 3.19601e+07
72,17.28,17.52,31960137.103857774,40629297.40868388,3.19601e+07,4.06293e+07,3.19601e+07 - 4.06293e+07
73,17.52,17.759999999999998,40629297.40868388,51649960.08019411,4.06293e+07,5.165e+07,4.06293e+07 - 5.165e+07
74,17.759999999999998,18.0,51649960.08019411,65659968.13733051,5.165e+07,6.566e+07,5.165e+07 - 6.566e+07
75,18.0,18.24,65659968.13733051,83470178.97596094,6.566e+07,8.34702e+07,6.566e+07 - 8.34702e+07
76,18.24,18.48,83470178.97596094,106111394.37161528,8.34702e+07,1.06111e+08,8.34702e+07 - 1.06111e+08
77,18.48,18.72,106111394.37161528,134894020.20558435,1.06111e+08,1.34894e+08,1.06111e+08 - 1.34894e+08
78,18.72,18.96,134894020.20558435,171483908.841037,1.34894e+08,1.71484e+08,1.34894e+08 - 1.71484e+08
79,18.96,19.2,171483908.841037,217998773.6792103,1.71484e+08,2.17999e+08,1.71484e+08 - 2.17999e+08
80,19.2,19.44,217998773.6792103,277130756.082053,2.17999e+08,2.77131e+08,2.17999e+08 - 2.77131e+08
81,19.44,19.68,277130756.082053,352302238.4684882,2.77131e+08,3.52302e+08,2.77131e+08 - 3.52302e+08
82,19.68,19.92,352302238.4684882,447863921.580643,3.52302e+08,4.47864e+08,3.52302e+08 - 4.47864e+08
83,19.92,20.16,447863921.580643,569346630.0402548,4.47864e+08,5.69347e+08,4.47864e+08 - 5.69347e+08
84,20.16,20.4,569346630.0402548,723781419.9482772,5.69347e+08,7.23781e+08,5.69347e+08 - 7.23781e+08
85,20.4,20.64,723781419.9482772,920106515.3989182,7.23781e+08,9.20107e+08,7.23781e+08 - 9.20107e+08
86,20.64,20.88,920106515.3989182,1169684626.1773105,9.20107e+08,1.16968e+09,9.20107e+08 - 1.16968e+09
87,20.88,21.12,1169684626.1773105,1486960587.443163,1.16968e+09,1.48696e+09,1.16968e+09 - 1.48696e+09
88,21.12,21.36,1486960587.443163,1890297383.61979,1.48696e+09,1.8903e+09,1.48696e+09 - 1.8903e+09
89,21.36,21.6,1890297383.61979,2403038943.052678,1.8903e+09,2.40304e+09,1.8903e+09 - 2.40304e+09
90,21.6,21.84,2403038943.052678,3054861214.8162184,2.40304e+09,3.05486e+09,2.40304e+09 - 3.05486e+09
91,21.84,22.08,3054861214.8162184,3883489723.956175,3.05486e+09,3.88349e+09,3.05486e+09 - 3.88349e+09
92,22.08,22.32,3883489723.956175,4936883012.132453,3.88349e+09,4.93688e+09,3.88349e+09 - 4.93688e+09
93,22.32,22.56,4936883012.132453,6276008334.680798,4.93688e+09,6.27601e+09,4.93688e+09 - 6.27601e+09
94,22.56,22.8,6276008334.680798,7978370263.144282,6.27601e+09,7.97837e+09,6.27601e+09 - 7.97837e+09
95,22.8,23.04,7978370263.144282,10142496418.242964,7.97837e+09,1.01425e+10,7.97837e+09 - 1.01425e+10
96,23.04,23.28,10142496418.242964,12893639954.100489,1.01425e+10,1.28936e+10,1.01425e+10 - 1.28936e+10
97,23.28,23.52,12893639954.100489,16391028836.471643,1.28936e+10,1.6391e+10,1.28936e+10 - 1.6391e+10
98,23.52,23.76,16391028836.471643,20837081481.529434,1.6391e+10,2.08371e+10,1.6391e+10 - 2.08371e+10
99,23.76,24.0,20837081481.529434,26489122128.84347,2.08371e+10,2.64891e+10,2.08371e+10 - 2.64891e+10
